,Asset,Status,Device,Brand,Model,Serial No,Operating,OS Product,Office Product,Office,W/Station,ERALink,Purchase order ,Purchase/Delivery Date,Supplier Name,Supplier Invoice/Sales No.,User/Description
200800331,Inactive,200800331,Ocean,Notebook,Lenovo,8932-A94,L3V1131,Win XP (SP2),HYJCX-GX7RG-GF6H8-GTDBM-QK6P9,,,,,9P6058,39716,Ocean,B091419,
200800332,Inactive,200800332,Ocean,PC,Octek,Intel DP35,B090785/001,Win XP (SP2),BT4QM-2BTWF-48PMK-DBT4Y-WQ273,,,,,9S1492,39716,Ocean,B090785,
200800335,Disposed,200800335,Ocean,Notebook,Lenovo,8932-A94,L3V1122,Win XP (SP2),BJRMQ-FDK8X-HCH4J-26PQ9-4KT2J,,,,,9P6057,39721,Ocean,B091423,
200800336,ISS Gabba,200800336,Ocean,Printer,Epson,TM-U295P,JATG005446,,,,,,,9P6061,39723,Ocean,,
200800338,Ocean,200800338,Ocean,Printer,Epson,TM-U295P,JATG005958,,,,,,,9P6061,39723,Ocean,,
200800339,ISS Chris,200800339,Ocean,Printer,Epson,TM-U295P,JATG005959,,,,,,,9P6061,39723,Ocean,,
200800340,Ocean,200800340,Ocean,Printer,Epson,TM-U295P,JATG005960,,,,,,,9P6061,39723,Ocean,,
200800342,Inactive,200800342,Ocean,Notebook,Lenovo,8932-A45,L3P7605,Win XP (SP2),C4R6W-WYF4G-C3Q7B-7Y9F9-QR28D,,,,,9P6069,39734,Ocean,B091558,
200800344,Inactive,200800344,Ocean,Notebook,Lenovo,8932-A45,L3P7721,Win XP (SP2),QCJCV-JTW39-7YQV6-WP8J4-XXCFG,,,,,9P6069,39734,Ocean,B091558,
200800345,Disposed,200800345,Ocean,Notebook,Lenovo,8932-A45,L3P5300,Win XP (SP2),XR9QR-CKR9H-GWQXC-2TYJY-XV3PJ,,,,,9P6069,39734,Ocean,B091558,
200800346,Inactive,200800346,Ocean,Notebook,Lenovo,8932-A45,L3P7466,Win XP (SP2),G8QQX-4RQFT-XQ6J6-C73Y3-4C7WJ,,,,,9P6069,39734,Ocean,B091558,
200800347,Disposed,200800347,Ocean,Printer,Kyocera,FS-C5030DN,ASB8901340,,,,,,,9P6072,39744,Ocean,B091707,
200800348,Ocean,200800348,Ocean,UPS,APC,APC Back-UPS CS 650,3B0827X60028,,,,,,,9P6076,39745,Ocean,B091728,Darwin
200800349,Ocean,200800349,Ocean,UPS,APC,APC Back-UPS CS 650,3B0827X58288,,,,,,,9P6076,39745,Ocean,B091728,Darwin
200800350,Ocean,200800350,Ocean,UPS,APC,APC Back-UPS CS 650,3B0827X59895,,,,,,,9P6076,39745,Ocean,B091728,Darwin
200800351,Ocean,200800351,Ocean,UPS,APC,APC Smart UPS 1500,AS0831231960,,,,,,,9P6075,39745,Ocean,B091727,Darwin
200800352,Ocean,200800352,Ocean,Printer,Kyocera,FS-4000DN,XSH8901153,,,,,,,9P6079,39749,Ocean,B091778,
200800355,Disposed,200800355,Ocean,Printer,Kyocera,FS-4000DN,XSH8901188,,,,,,,9P6081,39771,Ocean,B091914,
200800360,Inactive,200800360,Ocean,PC,Octek,Intel DP35,B092035/002,Win XP (SP2),M3TKH-326XK-YFMQ9-3297D-9PHXT,,,,,9P6090,39787,Ocean,B092035,
200800361,Inactive,200800361,Ocean,PC,Octek,Intel DP35,B092035/003,Win XP (SP2),F4JDR-KBCHW-QMTFT-322VQ-DCHXB,,,,,9P6090,39787,Ocean,B092035,
200800362,ISS Darwin,200800362,Ocean,PC,Octek,Intel DP35,B092035/004,Win XP (SP2),GH42Q-V9F26-TG3Q9-Q2MX6-44WKT,,,,,9P6090,39790,Ocean,B092035,Darwin
200800363,Inactive,200800363,Ocean,PC,Octek,Intel DP35,B092035/005,Win XP (SP2),JGJ4W-B4MVV-2RQT9-63XW8-QT4JY,,,,,9P6090,39791,Ocean,B092035,
200800365,Disposed,200800365,Ocean,PC,Octek,Intel DP35,B092035/007,Win XP (SP2),WK8JK-VJ24D-CFCQV-8HF72-2VDPG,,,,,9P6090,39792,Ocean,B092035,
200800369,ISS Darwin,200800369,Ocean,Thin Client,HP,HPt5530,CNV8420907,,,,,,,9P6095,39792,Ocean,B092142,Darwin
200800370,Inactive,200800370,Ocean,Thin Client,HP,HPt5530,CNV84208ZL,,,,,,,9P6095,39792,Ocean,B092142,Darwin
200800371,Inactive,200800371,Ocean,PC,Octek,Intel DP35,B092035/010,Win XP (SP2),KPGKQ-JKM97-7JRHV-267JM-PVVGJ,,,,,9P6090,39793,Ocean,B092035,
200800373,Inactive,200800373,Ocean,PC,Octek,Intel DP35,B092035/012,Win XP (SP2),KKQ8X-723V3-4FB69-9YT4B-YC46T,,,,,9P6090,39798,Ocean,B092035,
200800374,Inactive,200800374,Ocean,PC,Octek,Intel DP35,B092035/013,Win XP (SP2),GPT8J-4M2P6-QXR6G-G2YQ2-VP46Y,,,,,9P6090,39798,Ocean,B092035,
200800378,Inactive,200800378,Ocean,PC,Octek,Intel DP35,B092035/017,Win XP (SP2),MPTKD-4DJ2F-K9QdQ-PXBK8-FHYKQ,,,,,9P6090,39799,Ocean,B092035,
200800379,Ocean,200800379,Ocean,PC,Octek,Intel DP35,B092035/018,Win XP (SP2),MK9KM-PTP9R-3F8PR-BDR4Y-G93D8,,,,,9P6090,39800,Ocean,B092035,
200800380,Inactive,200800380,Ocean,PC,Octek,Intel DP35,B092035/019,Win XP (SP2),TF97K-FFF68-QT4XK-MT4JW-JM8TW,,,,,9P6090,39800,Ocean,B092035,
200800383,Inactive,200800383,Ocean,Printer,Kyocera,FS-1118MFPF,XSD8804430,,,,,,,81S89384,39832,Ocean,B092326,Darwin PO
200800384,ISS Gabba,200800384,Ocean,PC,Octek,Intel DP35,B092418/001,Win XP (SP2),J33MB-CM779-KPVBM-HFCGW-MF886,MT2GD-6M8WQ-6YP6P-VHGP3-MGHBB,SBE,,,757680,39835,Ocean,B092418,Newcastle
200800385,ISS Gabba,200800385,Ocean,PC,Octek,Intel DP35,B092418/002,Win XP (SP2),HYDHM-2TVTP-D7GQG-QPKTR-QXHGD,F3FMR-239KR-6YFHG-3M7WP-92BRT,PRO,,,757680,39835,Ocean,B092418,Newcastle
200800386,ISS Gabba,200800386,Ocean,PC,Octek,Intel DP43,B092677/001,Win XP (SP2),B83R8-8869Q-RGX2M-JVY3F-BHFYG,JPCYV-8QWJ7-8PJ9C-XCHHG-C8V7M,SBE,,,761637,39863,Ocean,B092677,Newcastle
200800387,ISS Gabba,200800387,Ocean,PC,Octek,Intel DP43,B092677/002,Win XP (SP2),RGRD3-3KJVF-H7999-YTGTX-K2KHQ,GRTRY-96JB7-37PJY-BDJQQ-F4RHM,SBE,,,761637,39863,Ocean,B092677,Newcastle
200800389,Inactive,200800389,Ocean,Notebook,Toshiba,PTSBOA-006001,98048591H,Win XP (SP2),C3X3C-XH8W6-MFT8V-KF2WG-2JKXP,vv4fq-78cjx-48x7w-28dw8-j6ffq,SBE,,,9P6123,39892,Ocean,B092964,
200800390,Inactive,200800390,Ocean,Notebook,Toshiba,PTSBOA-006001,98048585H,Win XP (SP2),7QKCM-DQ8TW-RTVFV-H3DWK-42DFP,,SBE,,,9P6123,39892,Ocean,B092964,
200800391,Inactive,200800391,Ocean,Notebook,Toshiba,PTSB0A-00E001,Y8032858H,Win XP (SP2),6GBDP-2WBKG-CXWRK-9KK38-3R8P8,fvvqh-vh8gh-f3hdf-c99f4-wy68d,SBE,,,9P6123,39892,Ocean,B092966,
200800393,ISS Gabba,200800393,Ocean,Switch,CISCO,C2960-24PCL,FOC1303Z78V,,,,,,,9P6124,39892,Ocean,B092965,
200800394,ISS Gabba,200800394,Ocean,UPS,APC,RS1500VA,JB0846010830,,,,,,,9P6124,39892,Ocean,B092965,
200800395,Inactive,200800395,Ocean,PC,Octek,Intel DP43,B092979/001,Win XP (SP2),M363G-WMTGV-8QDBW-7Q3WX-DQD23,R9TRJ-HJG47-64JF3-MKJHR-CGJY3,SBE,,,9P6123,39897,Ocean,B092979,no lcd
200800397,Ocean,200800397,Ocean,Switch,Procurve,J9019B - 2510-24,CN850FW16G,,,,,,,9P6127,39896,Ocean,B093015,Newcastle
200800398,Ocean,200800398,Ocean,Switch,Procurve,J9019B - 2510-24,CN850FW0W7,,,,,,,9P6127,39896,Ocean,B093015,Newcastle
200800399,Ocean,200800399,Ocean,Switch,Procurve,J9019B - 2510-24,CN850FW1M0,,,,,,,9P6127,39896,Ocean,B093015,Newcastle
200800400,Ocean,200800400,Ocean,Switch,Procurve,J9019B - 2510-24,CN849FW0T0,,,,,,,9P6127,39896,Ocean,B093015,Newcastle
200800401,Ocean,200800401,Ocean,Switch,Procurve,J9019B - 2510-24,CN850FW1YR,,,,,,,9P6127,39896,Ocean,B093015,Newcastle
200800402,Ocean,200800402,Ocean,Switch,Procurve,J9019B - 2510-24,CN850FW0L2,,,,,,,9P6127,39896,Ocean,B093015,Newcastle
200800403,Ocean,200800403,Ocean,Switch,Procurve,J9019B - 2510-24,CN850FW05F,,,,,,,9P6127,39896,Ocean,B093015,Newcastle
200800404,Ocean,200800404,Ocean,Switch,Procurve,J9019B - 2510-24,CN850FW0HS,,,,,,,9P6127,39896,Ocean,B093015,Newcastle
200800405,Ocean,200800405,Ocean,Switch,Procurve,J9019B - 2510-24,CN850FW1W3,,,,,,,9P6127,39896,Ocean,B093015,Newcastle
200800406,Ocean,200800406,Ocean,Switch,Procurve,J9020A - 2510-48,CN847YV4KC,,,,,,,9P6127,39896,Ocean,B093015,Newcastle
200800407,Ocean,200800407,Ocean,Switch,Procurve,J9020A - 2510-48,CN850YV04G,,,,,,,9P6127,39896,Ocean,B093015,Newcastle
200800408,Ocean,200800408,Ocean,Switch,Procurve,J9020A - 2510-48,CN850YV0CZ,,,,,,,9P6127,39896,Ocean,B093015,Newcastle
200800409,Ocean,200800409,Ocean,Switch,Procurve,J9020A - 2510-48,CN850YV03G,,,,,,,9P6127,39896,Ocean,B093015,Newcastle
200800410,Ocean,200800410,Ocean,Switch,Procurve,J9020A - 2510-48,CN850YV07W,,,,,,,9P6127,39896,Ocean,B093015,Newcastle
200800411,Ocean,200800411,Ocean,Switch,Procurve,J8770A - 4204VL,SG838VA38D,,,,,,,9P6127,39896,Ocean,B093015,Newcastle
200800412,Ocean,200800412,Ocean,Switch,Procurve,J8770A - 4204VL,SG838VA38W,,,,,,,9P6127,39896,Ocean,B093015,Newcastle
200800413,Disposed,200800413,Ocean,PC,Octek,Intel DP43,B092979/003,Win XP (SP2),MXW9D-9FCBB-7XM29-WJB26-T4BB6,V4RMW-TQWDC-Q47V8-RCRBX-FDXWD,SBE,,,9P6123,39897,Ocean,B092979,no lcd
200800414,Inactive,200800414,Ocean,PC,Octek,Intel DP43,B092979/004,Win XP (SP2),VQX6P-QRB38-JJG8V-CYWJF-3W6RQ,H3HMC-PVKTT-437XX-BQVQX-RDXWD,SBE,,,9P6123,39897,Ocean,B092979,no lcd
200800415,Inactive,200800415,Ocean,PC,Octek,Intel DP43,B092979/005,Win XP (SP2),F4H2D-2F76D-DWD27-GKXC7-6PTRG,D8RBF-JM94H-PVWFJ-CWVFT-XDCM3,SBE,,,9P6123,39897,Ocean,B092979,no lcd
200800416,ISS Gabba,200800416,Ocean,PC,Octek,Intel DP43,B092979/006,Win XP (SP2),RC26M-B2HHQ-TYDYD-P9CY8-YFWH8,PTY22-FKK6X-TDMJH-6QMYT-QR6B3,SBE,,,9P6123,39897,Ocean,B092979,no lcd
200800419,Inactive,200800419,Ocean,PC,Octek,Intel DP43,B092979/009,Win XP (SP2),XRTBB-HD2CK-CV6BJ-PB2D9-X6RVY,WR692-43VJ7-8PJQ2-Q96YQ-J6JY3,SBE,,,9P6123,39897,Ocean,B092979,no lcd
200800422,Inactive,200800422,Ocean,PC,Octek,Intel DP43,B092979/012,Win XP (SP2),RMYGV-8Y6VP-6X4TB-QHMBF-K27MB,V4F3J-2FHMW-GGH6M-BVVKT-Y49WD,SBE,,,9P6123,39897,Ocean,B092979,"22"" lcd"
200800423,Inactive,200800423,Ocean,PC,Octek,Intel DP43,B092979/013,Win XP (SP2),WGJF6-FH483-3BGCH-9W22H-PTVPB,KV9BG-HV94X-88QH3-Q7G2W-HTJY3,SBE,,,9P6123,39897,Ocean,B092979,"22"" lcd"
200800424,Inactive,200800424,Ocean,PC,Octek,Intel DP43,B092979/014,Win XP (SP2),F4V3B-G36JK-GDQ7C-483TG-TGVPD,WYBHJ-3DJH3-BYQ2W-BY8HT-XYV4Q,SBE,,,9P6123,39897,Ocean,B092979,"22"" lcd"
200800426,Inactive,200800426,Ocean,PC,Octek,Intel DP43,B092979/016,Win XP (SP2),CCQ37-242P7-TY2WC-4T4H8-D7248,Qk8V7-883PT-X4T3Y-CK3TJ-YQ8Y3,SBE,,,9P6123,39897,Ocean,B092979,"22"" lcd"
200800427,Inactive,200800427,Ocean,PC,Octek,Intel DP43,B092979/017,Win XP (SP2),R4C2Q-8YTHV-26KK4-3JJRT-KJJJM,GBJG6-4YF2J-R76J9-H3T4F-FV3JD,SBE,,,9P6123,39897,Ocean,B092979,"22"" lcd"
200800429,Disposed,200800429,Ocean,PC,Octek,Intel DP43,B092979/019,Win XP (SP2),QPMGT-BCBTK-96QHJ-K68PC-2BY83,WQPRQ-2CXFX-87KC4-K2PT8-JK9WD,SBE,,,9P6123,39897,Ocean,B092979,"22"" lcd"
200800430,Inactive,200800430,Ocean,PC,Octek,Intel DP43,B092979/020,Win XP (SP2),XPM7V-8HCG4-BKWQJ-CX9TG-3TJJ6,D9B3G-KW9BV-W3WFG-CMTG8-Y8MRQ,SBE,,,9P6123,39897,Ocean,B092979,"22"" lcd"
200800431,Ocean,200800431,Ocean,KVM,Belkin,RIPM,0840000314,,,,,,,9P6130,39899,Ocean,B093068,
200800433,Inactive,200800433,Ocean,Thin Client,HP,HPT5540,CNV91305GI,,,,,,,9P6133,39911,Ocean,B093114,
200800434,Ocean,200800434,Ocean,Server,Intel,Intel MF5000SI,BZSI90650178,,,,,,,9P6121,39912,Ocean,B092999,Server Module - Newcastle
200800435,Ocean,200800435,Ocean,Server,Intel,Intel MF5000SI,BZS190650202,,,,,,,9P6121,39912,Ocean,B092999,Server Module - Newcastle
200800436,Ocean,200800436,Ocean,Server,Intel,Intel MF5000SI,BZSI90950155,,,,,,,9P6121,39912,Ocean,B092999,Server Module - Newcastle
200800437,Ocean,200800437,Ocean,TBU,Tanberg,LTO-3,TS800080300058,,,,,,,9S1553,39930,Ocean,B093316,Refer R.Semple
200800440,Inactive,200800440,Ocean,Printer,Kyocera,FS-1350DN,XSU8Z00076,,,,,,,9P6142,39953,Ocean,B093532,
200800441,Disposed,200800441,Ocean,Printer,Kyocera,FS-1350DN,XSU8Z00070,,,,,,,9P6144,39953,Ocean,B093567,
200800445,Ocean,200800445,Ocean,Switch,HP,J9019B - 2510-24,CN852FW37J,,,,,,,9P6147,39974,Ocean,B093731,
200800446,Ocean,200800446,Ocean,Switch,HP,J9019B - 2510-24,CN852FW3GM,,,,,,,9P6147,39974,Ocean,B093731,
200800447,Ocean,200800447,Ocean,Switch,HP,J9020A - 2510-48,CN852YV013,,,,,,,9P6147,39974,Ocean,B093731,
200800448,Ocean,200800448,Ocean,Switch,HP,J9020A - 2510-48,CN852YV05V,,,,,,,9P6147,39974,Ocean,B093731,
200800449,Ocean,200800449,Ocean,Switch,HP,J9020A - 2510-48,CN852YV025,,,,,,,9P6147,39974,Ocean,B093731,
200800450,Ocean,200800450,Ocean,Switch,HP,J9020A - 2510-48,CN852YV04C,,,,,,,9P6147,39974,Ocean,B093731,
200800451,Inactive,200800451,Ocean,Notebook,Toshiba,PTSB0A-002001,49027789H,Win XP (SP2),GBTYM-C9K2T-V6VWQ-QFMWK-VV7KQ,,SBE,,,9P6148,39975,Ocean,B093758,
200800452,Inactive,200800452,Ocean,Notebook,Toshiba,PTSB0A-002001,49027456H,Win XP (SP2),CQH8D-QY4QC-FY22M-9P94R-96CV7,,SBE,,,9P6149,39975,Ocean,B093760,
200800453,Ocean,200800453,Ocean,Switch,HP,J9019B - 2510-24,CN907FW07Y,,,,,,,9P6152,39989,Ocean,B093910,
200800454,Ocean,200800454,Ocean,Switch,HP,J9019B - 2510-24,CN907FW0F1,,,,,,,9P6152,39989,Ocean,B093910,
200800457,Ocean,200800457,Ocean,Switch,HP,J9020A - 2510-48,CN850YV07H,,,,,,,9P6152,39989,Ocean,B093910,
200800458,Ocean,200800458,Ocean,Switch,HP,J9020A - 2510-48,CN850YV088,,,,,,,9P6152,39989,Ocean,B093910,
200800459,Ocean,200800459,Ocean,Switch,HP,J9020A - 2510-48,CN844YV2Y1,,,,,,,9P6152,39989,Ocean,B093910,
200800460,Inactive,200800460,Ocean,Notebook,Toshiba,PTSB0A-002001,39026479H,Win XP (SP2),4HR6C-26DBG-D7B7T-84Y64-DXKH2,P8FXW-T9MT6-D99CQ-T3WQH-JW2QW,SBE,,,9P6151,39989,Ocean,B093916,OEM Office 2007
200800461,ISS Gabba,200800461,Ocean,Notebook,Toshiba,PTSB0A-002001,Y8059393H,Win XP (SP2),23TJD-WQJ4W-T7X4G-DX3FC-FC2GC,WRXCM-V7WHV-4GC4W-3YX6Q-8TMVJ,SBE,,,9P6151,39989,Ocean,B093916,OEM Office 2007
200800462,Inactive,200800462,Ocean,Notebook,Toshiba,PTSB0A-002001,39026481H,Win XP (SP2),YG3B8-XHXHK-QVT8C-6WFTR-CKWHY,MF79G-Y78XK-MPFXD-7VKYF-84KX8,SBE,,,9P6151,39989,Ocean,B093916,OEM Office 2007
200800463,Disposed,200800463,Ocean,PC,Octek,Intel DP43,B093900/001,Win XP (SP2),F3786-KPXCV-6WGKG-GKBK8-8B4FJ,RPB3P-XJVG6-P6VG4-6QFC2-Q9RHM,SBE,,,9P6151,39994,Ocean,B093900,OEM Office 2007
200800465,Disposed,200800465,Ocean,PC,Octek,Intel DP43,B093900/003,Win XP (SP2),TCVCP-GKPV4-QTPYQ-94GH2-GVH4G,T32H8-H92M9-YP3V7-6J37C-WMCQY,SBE,,,9P6151,39994,Ocean,B093900,OEM Office 2007
200800466,Disposed,200800466,Ocean,PC,Octek,Intel DP43,B093900/004,Win XP (SP2),QJTDX-BJRGV-PHWV8-CPRD8-VMG9M,JVG4V-HVPQQ-6MJ9C-9FHTG-8CPQY,SBE,,,9P6151,39994,Ocean,B093900,OEM Office 2007
200800469,Stolen,200800469,Ocean,PC,Octek,Intel DP43,B093900/007,Win XP (SP2),KF6R6-T26TX-KCR33-HY9TD-2YTC3,DJ7WH-RQ9FK-CW4HG-3QHHH-KKW3Y,SBE,,,9P6151,39994,Ocean,B093900,OEM Office 2007
200800475,Inactive,200800475,Ocean,PC,Octek,Intel DP43,B093900/013,Win XP (SP2),PC388-6RC4K-M73KW-BMKD4-PR3JY,GYVCJ-8H76J-GQFMK-98HTT-48J3W,SBE,,,9P6151,39994,Ocean,B093900,OEM Office 2007
200800476,Inactive,200800476,Ocean,PC,Octek,Intel DP43,B093900/014,Win XP (SP2),QCXYY-R4888-623QM-2T967-QRRGD,GCWXG-G46FY-23P8P-P332Y-97YVM,SBE,,,9P6151,39994,Ocean,B093900,OEM Office 2007
200800479,Inactive,200800479,Ocean,PC,Octek,Intel DP43,B093900/017,Win XP (SP2),QXHBM-KVPHC-X69TT-FCQB8-7H6DM,PJ6J8-CKBKJ-G6XH2-PQF3F-XCPQ6,SBE,,,9P6151,39994,Ocean,B093900,OEM Office 2007
200800480,Inactive,200800480,Ocean,PC,Octek,Intel DP43,B093900/018,Win XP (SP2),MMF2W-W48RF-YT9HM-MDWXF-F9BT8,J77MP-2YKYR-H7F47-4RJQ6-K3V7T,SBE,,,9P6151,39994,Ocean,B093900,OEM Office 2007
200800482,Disposed,200800482,Ocean,PC,Octek,Intel DP43,B093900/020,Win XP (SP2),B8QQF-GFGMT-CK8DF-8GJM7-VXKYD,GP4R2-M7RCJ-GVJBH-TFHKK-9CVBG,SBE,,,9P6151,39994,Ocean,B093900,OEM Office 2007
200800486,ISS Pinkenba,200800486,Ocean,Notebook,Toshiba,PTSB0A-002001,29026629H,Win XP (SP2),HYQ9Y-FM7XF-KTRM9-QFP79-3V96M,XGBTX-HB226-C7CW6-PKR9K-GPH7T,SBE,,,9P6164,40025,Ocean,B094278,OEM Office 2007
200800487,Inactive,200800487,Ocean,Notebook,Toshiba,PTSB0A-002001,29026630H,Win XP (SP2),C9K9F-XYG98-RKBWK-7D9QY-P8CM6,HF462-H4XCJ-G3VYF-XF6X3-MBHBG,SBE,,,9P6164,40025,Ocean,B094278,OEM Office 2007
200800488,Inactive,200800488,Ocean,Notebook,Toshiba,PTSB0A-002001,29025729H,Win XP (SP2),KDFVQ-JVW3B-MQ3KR-QFGRB-46VCB,HKQBJ-XWMGT-MRK2H-KTH68-D32Q6,SBE,,,9P6164,40025,Ocean,B094278,OEM Office 2007
200800490,Inactive,200800490,Ocean,Notebook,Toshiba,PTSB0A-002001,29026519H,Win XP (SP2),VPJF2-CVKG3-Y2HTG-K3X4G-46JTX,WJ3PY-X2B72-YHTVX-R2JJB-HQJ36,SBE,,,9P6164,40025,Ocean,B094278,OEM Office 2007
200800491,Inactive,200800491,Ocean,Notebook,Toshiba,PTSB0A-002001,29026609H,Win XP (SP2),9CCTP-4QHJT-VR4WX-MZPF2-QRDFB,R2TKH-8X3D3-WFG26-QCP7C-F4RHT,SBE,,,9P6164,40025,Ocean,B094278,OEM Office 2007
200800492,Inactive,200800492,Ocean,Notebook,Toshiba,PTSB0A-002001,79042882H,Win XP (SP2),MPT69-BB3F8-M42W8-G4MRR-BRQ7R,D7PGF-4GF48-8Y83W-PRH9K-J93MG,SBE,,,9P6168,40052,Ocean,B094501,OEM Office 2007
200800493,Disposed,200800493,Ocean,Notebook,Toshiba,PTSB0A-002001,29026609H,Win XP (SP2),2QXM2-T2FXH-3QMPD-D6FK4-WC2CV,HWFQQ-RKKQ8-C368C-XRQQT-9YHBG,SBE,,,9P6168,40052,Ocean,B094501,OEM Office 2007
200800494,Inactive,200800494,Ocean,Notebook,Toshiba,PTSB0A-002001,29026609H,Win XP (SP2),FC3GQ-B268T-B6RBW-CKXWT-CCDG6,QQP3J-X2HDW-PRBWW-8XHM3-CDQMG,SBE,,,9P6168,40052,Ocean,B094501,OEM Office 2007
200800500,Ocean,200800500,Ocean,Thin Client,HP,T5730,CNV93304H5,,,,,,,9P6169,40056,Ocean,B094534,
200800536,ISS Gabba,200800536,Ocean,Switch,CISCO,AIR-AP113AG-N-K9,FCW1342V0ND,,,,,,,9P6219,40227,Ocean,B096050,Wireless access point
200800601,Inactive,200800601,Ocean,Thin Client,HP,T5730,CNV93304GP,,,,,,,9P6169,40056,Ocean,B094534,
200800603,Inactive,200800603,Ocean,Thin Client,HP,T5730,CNV93304HD,,,,,,,9P6169,40056,Ocean,B094534,
200800606,Inactive,200800606,Ocean,PC,Octek,Intel DP43,B094507/001,Win XP (SP2),CY8H3-9FCKH-WCQFQ-YQFFD-6BXYQ,H6DXG-496Q6-CK3CR-WJGVP-3977T,SBE,,,9P6168,40057,Ocean,B094507,OEM Office 2007
200800614,Inactive,200800614,Ocean,PC,Octek,Intel DP43,B094507/009,Win XP (SP2),XH6FT-8X28F-BRD7T-XXPXK-GK6RG,M3JJ2-H8MKG-GCRDH-XJ43H-KMTD6,SBE,,,9P6168,40057,Ocean,B094507,OEM Office 2007
200800615,Inactive,200800615,Ocean,Notebook,Toshiba,PTSB0A-002001,29026609H,Win XP (SP2),2V67J-WDHR7-FVQ6J-3CY6G-387PQ,GJ6MV-KFRXR-RXVXY-GPWFJ-9R77T,SBE,,,9P6168,40052,Ocean,B094501,OEM Office 2007
200800617,Inactive,200800617,Ocean,Notebook,Toshiba,PTSB0A-002001,29026609H,Win XP (SP2),YJ37C-DBRTK-CRD7V-GY492-D7RGK,H22Y4-Y37J9-G3B64-6RM6Q-3KBVT,SBE,,,9P6168,40052,Ocean,B094501,OEM Office 2007
200800618,Unknown,200800618,Ocean,DAMAGED,,,,,,,,,,,,Ocean,,
200800620,Inactive,200800620,Ocean,Notebook,Toshiba,PTSB0A-002001,79042900H,Win XP (SP2),Q2M72-8RXJF-96VVK-CPKK8-3B2TY,Q2M72-8RXJF-96VVK-CPKK8-3B2TY,SBE,,,9P6175,40085,Ocean,B094812,OEM Office 2007
200800621,Inactive,200800621,Ocean,Notebook,Toshiba,PTSB0A-002001,79042750H,Win XP (SP2),KFCVJ-T3HQQ-MWMJQ-Y232H-FWC88,WMDDT-FC9WV-PYTVY-GTB9C-WMMVT,SBE,,,9P6175,40085,Ocean,B094812,OEM Office 2007
200800622,Inactive,200800622,Ocean,Notebook,Toshiba,PTSB0A-002001,79042737H,Win XP (SP2),WK6FY-HWWCY-DR6B9-KK87G-QMTD6,2RPPV-W92TK-986KD-7V6KQ-K68HJ,SBE,,,9P6175,40085,Ocean,B094812,OEM Office 2007
200800623,Inactive,200800623,Ocean,Notebook,Toshiba,PTSB0A-002001,79042904H,Win XP (SP2),CX9TV-YDV3H-6XJFW-3THBV-8MHW8,DFFR7-DFXQB-VJYMG-DVWJB-HGMVT,SBE,,,9P6175,40085,Ocean,B094812,OEM Office 2007
200800624,Inactive,200800624,Ocean,Notebook,Toshiba,PTSB0A-002001,79042735H,Win XP (SP2),JY9QQ-J6JRC-XGGKJ-3RTG3-VF9C7,MSWD6-R8P8K-P8M4G-3VXMR-FV9YG,SBE,,,9P6175,40085,Ocean,B094812,OEM Office 2007
200800626,Inactive,200800626,Ocean,Notebook,Toshiba,PTSB0A-002001,79042746H,Win XP (SP2),HR4C2-YQGD7-P9PCP-BR92B-D9K6W,PXKPT-8V3JY-PQMRB-FHVXQ-22PQ6,SBE,,,9P6175,40085,Ocean,B094812,OEM Office 2007
200800627,Disposed,200800627,Ocean,Notebook,Toshiba,PTSB0A-002001,79043151H,Win XP (SP2),26VTC-JJP7T-JHF89-HB3QG-7DCYF,GH7MM-W4WVV-6BPF2-W4FDP-929YG,SBE,,,9P6175,40085,Ocean,B094812,OEM Office 2007
200800629,Unknown,200800629,Ocean,DAMAGED,,,,,,,,,,,,Ocean,,
200800630,Inactive,200800630,Ocean,Notebook,Toshiba,PTSB0A-002001,79042916H,Win XP (SP2),W2RT8-7RJR9-RK3C6-4VFGM-HMBXG,B9TPV-M3MD3-KCCJ3-CC437-BHVBG,SBE,,,9P6175,40085,Ocean,B094812,OEM Office 2007
200800631,Unknown,200800631,Ocean,PC,Octek,Intel DP43,B094862/001,Win Vista Bus,BCXTQ-TC63H-YVHXW-CYYKP-JT7H8,WHJX9-G8H6V-72BXM-Y6BJB-9KKYG,SBE,,,9P6177,40093,Ocean,B094862,OEM Office 2007
200800633,Unknown,200800633,Ocean,Switch,CISCO,AIR-AP113AG-N-K9,FCW1336VITL,,,,,,,9P6182,40100,Ocean,B094919,Darwin
200800637,Unknown,200800637,Ocean,Switch,HP,J9020A - 2510-48,CN852YV00L,,,,,,,9P6185,40113,Ocean,B095028,
200800651,Inactive,200800651,Ocean,PC,Octek,Intel DP43,B095104/006,Win XP (SP2),CKWMD-8GMK2-DK88T69KKD-XJX7Q,KTBGG-PFMGY-PXQ84-MQGKX-DDMRW,PRO,,,9P6188,40122,Ocean,B095104,OEM Office 2007
200800652,Inactive,200800652,Ocean,Notebook,Toshiba,PTSB0A-020001,69028821H,Win XP (SP2),6CW27-QCQVC-PKMW2-H69BJ-FV6H6,C8VBV-XVXYW-MTPPY-3FH4Q-2GTD6,SBE,,,9P6189,40129,Ocean,B095183,OEM Office 2007
200800661,Inactive,200800661,Ocean,PC,Octek,Intel DP43,B095289/002,Win XP (SP2),HRQCH-6XDHR-W6B62-TY376-MM22Q,C4GKG-QHHD7-KBTBJ-CP8PJ-BW7BG,SBE,,,9P6190,40142,Ocean,B095289,OEM Office 2007
200800671,Inactive,200800671,Ocean,Notebook,Toshiba,PTSB0A-04L001,79043592H,Win XP (SP2),TVFFM-RBTP7-3G8HK-3G3RV-2PRJT,VCDRF-CXMDG-4M8DW-Q26T3-CGXYG,SBE,,,9P6195,40151,Ocean,B095457,OEM Office 2007
200800673,Inactive,200800673,Ocean,Notebook,Toshiba,PTSB0A-04L001,79043268H,Win XP (SP2),J8VXH-X72JX-PR2H2-F733Q-DDXHM,VYCJ2-F9GV4-VCX98-DCP7P-WKRHT,SBE,,,9P6195,40151,Ocean,B095457,OEM Office 2007
200800675,Inactive,200800675,Ocean,Printer,Epson,TM-U295S,J9KF021675,,,,,,,9P6196,40158,Ocean,B095501,RS232
200800676,Unknown,200800676,Ocean,Printer,Epson,TM-U295S,J9KF021694,,,,,,,9P6196,40158,Ocean,B095501,RS232
200800682,Inactive,200800682,Ocean,Notebook,Toshiba,PTSB0A-04L001,79030047H,Win XP (SP2),77XFR-YJHJ6-CCJDG-3BQGQ-DV89Q,R9HXV-B2288-9W33C-WM9RJ-B4GD8,SBE,,,9P6201,40197,Ocean,B095703,OEM Office 2007
200800694,Inactive,200800694,Ocean,Notebook,Toshiba,PTSB0A-04L001,79029393H,Win XP (SP2),YWJD4-PBCP6-BJHD7-GMP6K-HQCYY,RD2PV-38QY9-742WC-HHD4M-T7PQ8,SBE,,,9P6203,40198,Ocean,B095757,OEM Office 2007
200800697,Inactive,200800697,Ocean,Notebook,Toshiba,PTSB0A-04L001,79029392H,Win XP (SP2),CRMMD-6FVV8-2PY4H-4G8FQ-DB48Y,FHQ3X-TTCTB-RBBFJ-VFKWR-RQV7W,SBE,,,9P6203,40198,Ocean,B095757,OEM Office 2007
200800698,Unknown,200800698,Ocean,DAMAGED,,,,,,,,,,,,Ocean,,
200800700,Unknown,200800700,Ocean,DAMAGED,,,,,,,,,,,,Ocean,,
200800701,Inactive,200800701,Ocean,PC,Octek,Intel DP43,B095758/002,Win 7 Pro,YPH9K-MHDY6-VPM8Q-DJGX2-3Y3M7,VX2YB-YGVFM-RRMT6-M4VJ2-38V7W,SBE,,,9P6204,40203,Ocean,B095758,OEM Office 2007
200800706,Inactive,200800706,Ocean,Thin Client,HP,T5540,CNV9470NJ7,,,,,,,9P6209,40218,Ocean,B095923,
200800707,Inactive,200800707,Ocean,Thin Client,HP,T5540,CNV9470NGK,,,,,,,9P6209,40218,Ocean,B095923,
200800712,ISS Darwin,200800712,Ocean,Thin Client,HP,T5540,CNV9470NGN,,,,,,,9P6209,40218,Ocean,B095923,
200800713,Inactive,200800713,Ocean,Thin Client,HP,T5540,CNV9470NJL,,,,,,,9P6209,40218,Ocean,B095923,
200800717,Inactive,200800717,Ocean,Notebook,Toshiba,PTSB0A-04L001,79043519H,Win XP (SP2),R99WY-7HQPW-W2Q4M-QQKKR-6RFY7,W4B7P-VKJK6-HV2WB-YKGC8-C9RHW,SBE,,,9P6206,40220,Ocean,B095976,OEM Office 2007
200800718,Unknown,200800718,Ocean,Notebook,Toshiba,PTSB0A-04L001,79020719H,Win XP (SP2),HPJJF-9Y6KQ-WH4KR-B3G7T-63F4J,C3622-B7GFJ-XH3JG-7FC8W-6VDMJ,SBE,,,9P6206,40220,Ocean,B095976,OEM Office 2007
200800720,Inactive,200800720,Ocean,Notebook,Toshiba,PTSB0A-04L001,79020719H,Win XP (SP2),6RXPR-9BGVW-4DH83-C3QWT-426XW,FR8JY-3RHHM-8YRCJ-MB8FT-D7YVW,SBE,,,9P6206,40220,Ocean,B095976,OEM Office 2007
200800732,ISS Gabba,200800732,Ocean,Switch,HP,J9020A - 2510-48,CN004YV0CJ,,,,,,,9P6212,40227,Ocean,B095949,
200800733,Unknown,200800733,Ocean,Switch,HP,J9020A - 2510-48,CN004YV00L,,,,,,,9P6212,40227,Ocean,B095949,
200800739,ISS Gabba,200800739,Ocean,Notebook,Toshiba,PTSE1A-00K005,1A060203H,Win7 Pro,Q7TB8-923FG-9BGFD-RGM9Y-V39B2,CTMJP-Y76G4-BRMFC-7BCTQ-6V9YJ,SBE,,,9P6218,40234,Ocean,B096081,New i5 Tecra A11
200800742,Inactive,200800742,Ocean,Notebook,Toshiba,PTSE1A-00K005,1A060586H,Win7 Pro,VW373-YX7MV-WYVQV-FYBMR-YDK3V,WHPM4-BMQBC-VY4D2-2Q2D7-K3V7W,SBE,,,9P6218,40234,Ocean,B096081,New i5 Tecra A11
200800743,Inactive,200800743,Ocean,Notebook,Toshiba,PTSE1A-00K005,1A060201H,Win7 Pro,6FH83-R2K8W-QT7TG-QHJQ8-C78YW,GGMFD-C9YBD-W7KK8-GRC22-PCH7W,SBE,,,9P6218,40234,Ocean,B096081,New i5 Tecra A11
200800745,Inactive,200800745,Ocean,Notebook,Toshiba,PTSE1A-00K005,1A060593H,Win7 Pro,2RRYY-VBFRH-9TK3R-QQ9Y9-Q2HX8,R9RCD-9W6G8-9X7XX-D3C62-KP9YJ,SBE,,,9P6218,40234,Ocean,B096081,New i5 Tecra A11
200800746,Inactive,200800746,Ocean,Notebook,Toshiba,PTSE1A-00K005,1A060193H,Win7 Pro,R996H-VX9Y7-VTGB7-JWQMT-HHMK6,QTM6R-TQ2HH-RX4H4-K4MVH-PVVBJ,SBE,,,9P6218,40234,Ocean,B096081,New i5 Tecra A11
200800747,Inactive,200800747,Ocean,Notebook,Toshiba,PTSE1A-00K005,1A060189H,Win7 Pro,874QM-27P6Q-B8WMT-TTXPV-6BJJF,G78W2-B8BR4-WX3WR-KVR2R-RHYVW,SBE,,,9P6218,40234,Ocean,B096081,New i5 Tecra A11
200800749,Unknown,200800749,Ocean,PC,Octek,Intel DQ45,B096184/001,Win 7 Pro,YWMCJ-76B8Q-8CPJ8-PFKB9, , ,,,9P6223,40242,Ocean,B096184,Surfers City
200800750,Unknown,200800750,Ocean,PC,Octek,Intel DQ45,B096184/002,Win 7 Pro,TJBRY-7JXQG-7G7YP-KMM4R-8FJCX, , ,,,9P6223,40242,Ocean,B096184,Surfers City
200800751,Unknown,200800751,Ocean,PC,Octek,Intel DQ45,B096184/003,Win 7 Pro,RFH43-6QGWG-62PXK-WC6FB-84HWM, , ,,,9P6223,40242,Ocean,B096184,Surfers City
200800752,Unknown,200800752,Ocean,Printer,Kyocera,FSC-5350DN,QVR9900049,,,,,,,9P6214,40242,Ocean,B095951,
200800753,Stolen,200800753,Ocean,Notebook,Toshiba,PTSE1A-00K005,1A060194H,Win7 Pro,7WCJP-V227W-QCWYR-JCXR8-9B4RB,JFTWK-H38PM-PCYQF-FMCDD-7XRHW,SBE,,,9P6218,40234,Ocean,B096081,New i5 Tecra A11
200800756,Inactive,200800756,Ocean,Notebook,Toshiba,PTSE1A-00K005,1A063676H,Win7 Pro,6QPD6-3WQBK-87PHQ-WJHXK-JGTTW,6QPD6-3WQBK-87PHQ-WJHXK-JGTTW,SBE,,,9P6226,40246,Ocean,B096207,
200800760,Inactive,200800760,Ocean,Notebook,Toshiba,PTSE1A-00K005,1A110158H,Win7 Pro,V3VMJ-9RW62-TMBHH-YF392-TP97C,KGD79-VYFT2-TRBBW-4CJ7J-WGTD8,SBE,,,9P6228,40255,Ocean,B096289,Darwin
200800761,Zero,200800761,Ocean,Notebook,Toshiba,PTSE1A-00K005,1A107881H,Win7 Pro,P4YQR-6P2GD-D79FK-M7JPM-WC24R,W7GGD-WPQ3M-X7GHJ-DBFYW-VX3MJ,SBE,,,9P6229,40256,Ocean,B096291,
200800775,ISS Darwin,200800775,Ocean,PC,Octek,Intel DP43,B096079/001,Win 7 Pro,6P842-GWQP6-KH6PF-RG4B3-7GKCP,QHH3W-8DBMB-HT9QT-4Y2W9-CTHBJ,SBE,,,9P6228,40261,Ocean,B096079,Darwin
200800785,Inactive,200800785,Ocean,Notebook,Toshiba,PTSE1A-00K005,1A065457H,Win7 Pro,V7X2B-MJGVP-3HD4R-7QG2X-2Q6TG,TB9DT-GPCVT-H4FD7-2X8W3-6PVBJ,SBE,,,9P6226,40246,Ocean,B096207,
200800786,Inactive,200800786,Ocean,Server,Intel,Intel S3210SH,B096360/001, , , , ,,,9P6232,40262,Ocean,B096360,Sunshine Coast
200800787,Inactive,200800787,Ocean,PC,Octek,Intel DP43,B096208/001,Win 7 Pro,3YDQ6-3TF2X-3HTYV-Y49YH-79C8C,TX9KR-7GH4W-2D3GV-6VFPK-RCYVW,SBE,,,9P6224,40263,Ocean,B096208,
200800797,Inactive,200800797,Ocean,Printer,Kyocera,FS-C5300DN,XSX0100733,,,,,,,9P6235,40266,Ocean,B096428,
200800798,Inactive,200800798,Ocean,UPS,APC,APC Back-UPS CS 650,4B0952P07081,,,,,,,9P6238,40267,Ocean,B096447,
200800799,Inactive,200800799,Ocean,UPS,APC,APC Back-UPS CS 650,4B0952P02631,,,,,,,9P6238,40267,Ocean,B096447,
200800800,Inactive,200800800,Ocean,UPS,APC,APC Back-UPS CS 650,4B0952P07066,,,,,,,9P6238,40267,Ocean,B096447,
200800801,Inactive,200800801,Ocean,UPS,APC,APC Back-UPS CS 650,4B0952P02605,,,,,,,9P6238,40267,Ocean,B096447,
200800802,Inactive,200800802,Ocean,UPS,APC,APC Back-UPS CS 650,4B0952P07089,,,,,,,9P6238,40267,Ocean,B096447,
200800803,Inactive,200800803,Ocean,PC,Octek,Intel DP43,B096290/001,Win 7 Pro,BW9F6-MD2RD-2924R-G3C48-36XVB,HXCP4-8HTJV-2X8CP-6TJXY-QPDMJ,SBE,,,9P6229,40268,Ocean,B096290,
200800822,Inactive,200800822,Ocean,Switch,CISCO,PWR-RPS2300=,FDO1408SGWJ,,,,,,,9P6237,40282,Ocean,B096520,
200800823,Inactive,200800823,Ocean,Thin Client,HP,T5540,CNVA13015G,,,,,,,9P6249,40282,Ocean,B096572,
200800824,Inactive,200800824,Ocean,Thin Client,HP,T5540,CNVA13016L,,,,,,,9P6249,40282,Ocean,B096572,
200800826,Inactive,200800826,Ocean,Thin Client,HP,T5540,CNVA130165,,,,,,,9P6249,40282,Ocean,B096572,
200800829,Inactive,200800829,Ocean,Switch,HP,J9020A - 2510-48,CN006YV1ZB,,,,,,,9P6249,40284,Ocean,B096604,
200800830,Inactive,200800830,Ocean,Switch,HP,J9020A - 2510-48,CN006YV23M,,,,,,,9P6249,40284,Ocean,B096604,
200800831,Inactive,200800831,Ocean,Switch,HP,J9020A - 2510-48,CN006YV0FG,,,,,,,9P6249,40284,Ocean,B096604,
200800832,Inactive,200800832,Ocean,Switch,HP,J9020A - 2510-48,CN006YV244,,,,,,,9P6249,40284,Ocean,B096604,
200800833,Inactive,200800833,Ocean,Switch,HP,J9019B - 2510-24,CN003FW2RR,,,,,,,9P6249,40284,Ocean,B096604,
200800853,Unknown,200800853,Ocean,PC,Octek,Intel DP43,B096489/002,Win 7 Pro,894B8-4YQYY-2KKJP-WC7T2-W7BD2,BMMFW-P2KJG-B4R48-3QWWF-8WV7W,SBE,,,9P6242,40298,Ocean,B096489,
200800858,Inactive,200800858,Ocean,PC,Octek,Intel DP43,B096489/007,Win 7 Pro,9G2WQ-7VDBD-4PG3B-CTKVP-CT73R,D39XG-XVVB9-VW99X-CGCPQ-TB838,SBE,,,9P6242,40298,Ocean,B096489,
200800859,Inactive,200800859,Ocean,PC,Octek,Intel DP43,B096489/008,Win 7 Pro,YQHJB-TDXDF-KFFDD-8BF89-BPWTX,F6CRF-2H67Q-9J96C-CHF2H-FWV7W,SBE,,,9P6242,40298,Ocean,B096489,
200800863,Inactive,200800863,Ocean,Server,Intel,Intel S3420GPLX,B096486/001, , , , ,,,9P6241,40287,Ocean,B096486,Newstead
200800866,Inactive,200800866,Ocean,PC,Octek,Intel DP45,B096793/001,Win 7 Pro,C896Y-H43DH-CP9DH-VFHH6-FQ8CR,JBJPW-GBGXP-8PJQ2-37HGW-72PCW,BASIC,,,9P6261,40309,Ocean,B096793,Gold Coast
200800867,Inactive,200800867,Ocean,PC,Octek,Intel DP45,B096793/002,Win 7 Pro,7VK6G-WKJT8-DMWW3-p6QCP-KVKC9,G8BMG-Y2Y63-9D4JJ-JVT4J-HFBGJ,BASIC,,,9P6261,40309,Ocean,B096793,Gold Coast
200800874,Inactive,200800874,Ocean,PC,Octek,Intel DP43,B096661/005,Win 7 Pro,2X98Y-7KRGP-3WWP2-MX74Q-8XKKP,D9Y22-RMMVJ-TCF4C-KDBV2-YVVBJ,SBE,,,9P6253,40315,Ocean,B096661,
200800876,Inactive,200800876,Ocean,PC,Octek,Intel DP43,B096661/007,Win 7 Pro,BM6F7-X3PWG-T7V6K-BR4VK-TWT4Y,WYJK2-KXK6T-WGM23-TMPC4-8477W,SBE,,,9P6253,40315,Ocean,B096661,
200800883,Inactive,200800883,Ocean,Switch,CISCO,AIR-AP113AG-N-K9,FCW1415V0AH,,,,,,,9P6260,40315,Ocean,B096795,
200800886,Disposed,200800886,Ocean,Thin Client,HP,T5540,CNVA1803PL,,,,,,,9P6260,40315,Ocean,B096795,
200800887,Inactive,200800887,Ocean,Thin Client,HP,T5540,CNVA1803P2,,,,,,,9P6260,40315,Ocean,B096795,
200800888,Inactive,200800888,Ocean,Thin Client,HP,T5540,CNVA1803PB,,,,,,,9P6260,40315,Ocean,B096795,
200800889,Inactive,200800889,Ocean,Printer,Epson,TM-U295P,JATF002783,,,,,,,9P6260,40315,Ocean,B096795,
200800890,Inactive,200800890,Ocean,Printer,Epson,TM-U295P,JATF002813,,,,,,,9P6260,40315,Ocean,B096795,
200800892,Inactive,200800892,Ocean,Printer,Epson,TM-U295P,JATF002725,,,,,,,9P6260,40315,Ocean,B096795,
200800921,Inactive,200800921,Ocean,PC,Canon,IP100,ABCS17233,,,,,,,9P6279,40352,,B097224,
200800922,Inactive,200800922,Ocean,PC,Octek,Zotac zBOX HD-1D11,G102114000812,Win 7 Pro,P36XB-78PTM-6QGW3-B7XVF-YW4XT, , ,,,9P6279,40352,Ocean,B097224,Mini PC
200800961,Inactive,200800961,Ocean,PC,Octek,Intel DP43,B096848/011,Win 7 Pro,7VVTT-2X9Y2-JDHX7-9R3XC-T3QPG,HTXBY-H8R98-9KGYC-QD68K-YMXYJ,SBE,,,9P6257,40322,Ocean,B096848,
200800967,Inactive,200800967,Ocean,Switch,CISCO,C3560-48TS-S,FD01417R2UR,,,,,,,9P6271,40331,Ocean,B097049,
200800972,Inactive,200800972,Ocean,Printer,Kyocera,FS-3920DN,XSZ0202277,,,,,,,9P6274,40345,Ocean,B097179,1 x extra 500 tray
200800976,Inactive,200800976,Ocean,PC,Octek,Intel DH55,B097160/003,Win 7 Pro,YQG3Y-7HYDH-822PW-XT38M-8WCJX,R6MGC-W4MP9-Q24XF-3M8T3-R6838,SBE,,,9P6266,40353,Ocean,B097160,
200800980,Inactive,200800980,,Server,Intel,Intel SR2612URR,B096946/001,Open-e,277M-Q67K-QSLL-I3BI-WE6C-AGEM-4C42,,,,,9P6268,40351,Ocean,B096946,
200800987,Inactive,200800987,Ocean,Notebook,Toshiba,PTSE1A-00K005,4A133057H,Win7 Pro,TCWY6-DMVP3-GWR4F-B4XRG-2TMKV,PQBC6-J6G92-CQBPF-YJFGD-26MVY,SBE,,,9P6273,40351,Ocean,B097234,
200800991,Inactive,200800991,Ocean,Notebook,Toshiba,PTSE1A-00K005,4A133056H,Win7 Pro,734YB-7H9KC-H2XP2-W2FB3-JGWBH,HDQ34-XRWPW-H4WCC-H2KB6-VQQMM,SBE,,,9P6277,40350,Ocean,B097233,Darwin
200800992,Inactive,200800992,Ocean,Notebook,Toshiba,PTSE1A-00K005,4A133058H,Win7 Pro,7W32T-TXRFB-Q6KQH-3K7DY-YRK46,WWXQK-FJP9J-JMK9M-3QXVK-H6HBM,SBE,,,9P6277,40350,Ocean,B097233,Darwin
200800994,Inactive,200800994,Ocean,Notebook,Toshiba,PTSE1A-00K005,4A133060H,Win7 Pro,PT6YY-JDGMT-T9TGR-JT3WD-KW9DT,PH2YD-XWVVW-VDP76-PQCM4-TJJ4B,SBE,,,9P6277,40350,Ocean,B097233,Darwin
200800995,Inactive,200800995,Ocean,Switch,CISCO,AIR-AP113AG-N-K9,FCW1421V08N,,,,,,,9P6278,40350,Ocean,B097225,Darwin
200800996,Inactive,200800996,Ocean,Switch,CISCO,AIR-AP113AG-N-K9,FCW1421V07Z,,,,,,,9P6278,40350,Ocean,B097225,Darwin
200800997,Inactive,200800997,Ocean,Printer,Canon,LBP9100CDN,MBLA000346,,,,,,,9P6275,40351,Ocean,B097211,
200800998,Inactive,200800998,Ocean,Notebook,Toshiba,PTSE1A-00K005,4A133055H,Win7 Pro,32TJK-M8X47-2JG36-M83D4-YDG42,32TJK-M8X47-2JG36-M83D4-YDG42,SBE,,,9P6273,40351,Ocean,B097234,
200801000,Inactive,200801000,Ocean,Printer,Canon,IP100,ABCS17224,,,,,,,9P6279,40352,Ocean,B097224,
20100005,Inactive,20100005,Ocean,PC,Octek,Intel DH55,B097291/008,Win 7 Pro,KDBCK-QMDDH-Y9V8Y-23QMR-6FRTB,PB6KB-R4FM7-99K6X-YGPW6-9PDMM,SBE,,,9P6272,40359,Ocean,B097291,
20100009,Inactive,20100009,Ocean,Switch,HP,J9020A - 2510-48,CN012YV0WL,,,,,,,9P6286,40365,Ocean,B097355,
20100010,Inactive,20100010,Ocean,Switch,HP,J9020A - 2510-48,CN012YV0WM,,,,,,,9P6286,40365,Ocean,B097355,
20100011,Inactive,20100011,Ocean,Switch,HP,J9020A - 2510-48,CN012YV0HB,,,,,,,9P6286,40365,Ocean,B097355,
20100012,Inactive,20100012,Ocean,Switch,HP,J9020A - 2510-48,CN012YV0DY,,,,,,,9P6286,40365,Ocean,B097355,
20100015,Inactive,20100015,Ocean,Switch,HP,J9019B - 2510-24,CN011FW020,,,,,,,9P6286,40365,Ocean,B097355,
20100016,Inactive,20100016,Ocean,Switch,CISCO,AIR-AP113AG-N-K9,FCW1422V0MB,,,,,,,9P6286,40365,Ocean,B097355,
20100017,Inactive,20100017,Ocean,Switch,CISCO,AIR-AP113AG-N-K9,FCW1422V0M8,,,,,,,9P6286,40365,Ocean,B097355,
20100019,ISS Darwin,20100019,Ocean,Notebook,Toshiba,PTSE1A-00K005,4A139769H,Win7 Pro,GJ3R6-VTQ77-DCT43-DW8C4-49TCR,BDDR8-T8BPG-HP8DD-QCF62-2WV7Y,SBE,,,9P6282,40366,Ocean,B097360,Darwin - Hidden Valley
20100020,Inactive,20100020,Ocean,Notebook,Toshiba,PTSE1A-00K005,4A139787H,Win7 Pro,6C8JW-DT8X3-DKVV9-BK6XK-P3XY8,FDW6T-7RDTK-HQPXJ-6QM2M-W3FHY,SBE,,,9P6281,40366,Ocean,B097361,Darwin - Bridge Toyota
20100021,Inactive,20100021,Ocean,Notebook,Toshiba,PTSE1A-00K005,4A139772H,Win7 Pro,82J29-TFXY2-QRKF7-JW6HW-FFKVV,WR6DY-GK4QD-6RWT2-3C99G-FPH7Y,SBE,,,9P6281,40366,Ocean,B097361,Darwin - Bridge Toyota
20100022,Inactive,20100022,Ocean,Notebook,Toshiba,PTSE1A-00K005,4A139851H,Win7 Pro,FDH9B-4QDMC-376VT-3B786-VYHVH,Q63XV-F6V8V-HF98D-2J9K9-FXW4B,SBE,,,9P6281,40366,Ocean,B097361,Darwin - Bridge Toyota
20100031,Inactive,20100031,Ocean,PC,Octek,Intel DH55,B097359/001,Win 7 Pro,MMRYP-2GYJR-44TQB-B9THW-9P3JQ,CVQ3G-4FV8F-824VJ-GKMYX-RRGFB,SBE,,,9P6282,40371,Ocean,B097359,Darwin - Hidden Valley
20100039,Inactive,20100039,Ocean,PC,Octek,Intel DH55,B097386/002,Win 7 Pro,H7VCF-JHW3H-QR6MK-QT84R-KPMXP,QG4P4-KG9DR-YFD77-QQ4QQ-78V7Y,SBE,,,9P6284,40373,Ocean,B097386,
20100045,Inactive,20100045,Ocean,PC,Octek,Intel DH55,B097386/008,Win 7 Pro,2K74W-4838B-XT9M2-KDM66-C998M,CXDRF-R7HX7-26DQ8-DD3FW-8D7BM,SBE,,,9P6284,40373,Ocean,B097386,
20100058,Inactive,20100058,Ocean,PC,Octek,Intel DH55,B097468/004,Win 7 Pro,D27HR-YYXDP-CHXQ9-PM2HY-FHT89,RMM4W-FF36K-TDXD8-W4G7J-DXW4B,SBE,,,9P6291,40381,Ocean,B097468,
20100066,Inactive,20100066,Ocean,Notebook,Toshiba,PTSE1A-00K005,5A112191H,Win7 Pro,VVWQ6-23WJD-D3RGF-23XYW-72RFK,QHPCC-QHVV9-DY4X9-78RGR-DKGFB,SBE,,,9P6296,40390,Ocean,B097570,
20100067,Inactive,20100067,Ocean,Notebook,Toshiba,PTSE1A-00K005,5A112185H,Win7 Pro,6DBDX-2HKW4-JFJ4K-243XH-P8YR8,XGPR9-RXP7J-XVK6V-XM8HC-WYXYM,SBE,,,9P6296,40390,Ocean,B097570,
20100069,Inactive,20100069,Ocean,Notebook,Toshiba,PTSE1A-00K005,5A112198H,Win7 Pro,FHHGB-Q6CBK-HMFK4-6WFR8-D72T3,G2J6Y-VF32K-3TFXW-6K42G-H477Y,SBE,,,9P6296,40390,Ocean,B097570,
20100070,Inactive,20100070,Ocean,Notebook,Toshiba,PTSE1A-00K005,5A112195H,Win7 Pro,374D9-FCW8G-767V3-RCPKK-QWVMC,FD8QM-BC8T9-QWYK7-3M483-BCH7Y,SBE,,,9P6296,40390,Ocean,B097570,
20100072,Inactive,20100072,Ocean,Server,Intel,Intel MFSYS35,B097486/001, , , , ,,,9P6293,40381,Ocean,B097486,Data Centre
20100075,Inactive,20100075,Ocean,Notebook,Toshiba,PTSE1A-00K005,5A111742H,Win7 Pro,P6RDG-Q2QW9-XBBVB-2X8JR-DPKPY,GWMJV-M99FK-44HFJ-BJDQX-H477Y,SBE,,,9P6298,40393,Ocean,B097624,
20100076,Inactive,20100076,Ocean,Notebook,Toshiba,PTSE1A-00K005,5A111734H,Win7 Pro,HTH6B-BDMFK-FWPFH-YYH3F-HDV72,R628X-9394H-FGV87-7FJV4-XPH7Y,SBE,,,9P6298,40393,Ocean,B097624,
20100084,Inactive,20100084,Ocean,Notebook,Toshiba,PTSE1A-00K005,6A067321H,Win7 Pro,2XJWC-7TTQ6-XT4WV-RGCYH-7GG6T,K9PC8-B2QMG-XQ9CM-MD7MB-CTMVY,SBE,,,9P6303,40400,Ocean,B097655,
20100091,Inactive,20100091,Ocean,Printer,Kyocera,FS-1370DN,Q670600578,,,,,,,TBA,40395,Ocean,B097709,
20100093,Inactive,20100093,Ocean,Printer,Kyocera,FS-1370DN,Q670600590,,,,,,,TBA,40406,Ocean,B097709,
20100101,Inactive,20100101,Ocean,PC,Octek,Intel DH55,B097621/007,Win 7 Pro,YTCKJ-M4XRX-H34WV-8Y9CB-9XBKB,MM23G-37XHB-XMF9B-T6QKQ-882RB,SBE,,,9P6297,40407,Ocean,B097621,
20100107,Inactive,20100107,Ocean,Printer,Kyocera,FS-3920DN,XSZ0502710,,,,,,,9P6316,40416,Ocean,B097860,1 x extra 500 tray
20100108,Inactive,20100108,Ocean,UPS,APC,APC Back-UPS RS 1500,JB1002020498,,,,,,,9P6314,40416,Ocean,B097835,Townsville
20100118,Inactive,20100118,Ocean,PC,Octek,Intel DQ45,B097842/001,Win 7 Pro,VWGVC-KR3Y7-23WRT-9F7QF-9W2Y4,WHJC8-DH3GK-4VTY7-HV3B7-T9BF3,SBE,,,9P6308,40420,Ocean,B097842,Gold Coast
20100119,Inactive,20100119,Ocean,PC,Octek,Intel DQ45,B097842/002,Win 7 Pro,PYFY2-W7DWC-8PVDH-34XXH-RMDTY,V7PJB-DWPBP-4KFRD-4QX-7XM742D,SBE,,,9P6308,40420,Ocean,B097842,Gold Coast
20100120,Inactive,20100120,Ocean,UPS,APC,APC Back-UPS RS 1500,JB1002020480,,,,,,,9P6314,40416,Ocean,B097835,
20100129,Inactive,20100129,Ocean,Printer,Kyocera,FS-1128MFP,QRE0701781,,,,,,,9P6316,40424,Ocean,B097875,Multifunction Centre
20100130,Inactive,20100130,Ocean,Printer,Kyocera,FS-1128MFP,QRE0701741,,,,,,,9P6316,40424,Ocean,B097875,Multifunction Centre
20100132,Inactive,20100132,Ocean,PC,Octek,Intel DH55,B097891/002,Win 7 Pro,C49H3-T8R74-XK76H-VFPFM-R4FXT,J7BY4-YQCXW-8BXM8-YG69F-9JQMM,SBE,,,9P6313,40427,Ocean,B097891,
20100135,Inactive,20100135,Ocean,PC,Octek,Intel DH55,B097891/005,Win 7 Pro,37RPG-WDVKV-JK7BR-KJ3YQ-MKGJ9,M6CJ9-34R2K-HX3YG-8KFGC-V9W4B,SBE,,,9P6313,40427,Ocean,B097891,
20100137,Inactive,20100137,Ocean,Printer,Epson,TM-U295S,J9KF038561,,,,,,,9P6319,40427,Ocean,B097961,Darwin
20100138,Inactive,20100138,Ocean,Printer,Epson,TM-U295S,J9KF038589,,,,,,,9P6319,40427,Ocean,B097961,Darwin
20100149,Inactive,20100149,Ocean,PC,Octek,Intel DH55,B097858/011,Win 7 Pro,MGRWY-9XG37-6T7QV-BRWHM-9CYTD,F4T97-R2FY9-XRB7B-KGYRR-CBTFB,SBE,,,9P6309,40430,Ocean,B097858,
20100158,Inactive,20100158,Ocean,Notebook,Toshiba,PTSE1A-00K005,7A063775H,Win7 Pro,BVT3H-X76Q3-KGGV7-WXC2M-WM397,JTXP3-F743R-TGYB3-MBV9M-R79YM,SBE,,,9P6322,40436,Ocean,B098035,
20100165,Inactive,20100165,Ocean,PC,Octek,Intel DH55,B098034/005,Win 7 Pro,XC32F-MQ7DF-XFJX2-YPJXG-K7Y3Y,H2KX3-33MP6-TH2H4-WBKBP-D3J4B,SBE,,,9P6321,40442,Ocean,B098034,
20100167,Destroyed,20100167,Ocean,PC,Octek,Intel DH55,B098034/007,Win 7 Pro,C4FP2-K79X9-DCF22-QPRV7-PTPRQ,GHDHF-WXD2K-YCYDC-H3Y4D-G32RB,SBE,,,9P6321,40442,Ocean,B098034,
20100168,Destroyed,20100168,Ocean,PC,Octek,Intel DH55,B098034/008,Win 7 Pro,FK2X7-Q64RC-4VQPV-77CWM-6W8GC,R9DX8-44PBV-6444F-FGWG4-BW7BM,SBE,,,9P6321,40442,Ocean,B098034,
20100171,Ocean,20100171,Ocean,Printer,Kyocera,FS-C2126MFP,Q5F0700056,,,,,,,9P6326,40448,Ocean,B098171,
20100172,Inactive,20100172,Ocean,PC,Octek,Intel DQ45,B098119/001,Win 7 Pro,9GFWC-G4XY6-WGFPV-MQD6F-G6R36,G9RBK-HYJR7-H27CV-M378M-3VC8Q,SBE,,,9P6324,40443,Ocean,B098119,Gold Coast
20100173,Inactive,20100173,Ocean,PC,Octek,Intel DQ45,B098119/002,Win 7 Pro,FFB4W-7V4C2-DP87K-KPW8W-HHHRQ,PB7DP-V4FCQ-3X8VR-CXMKY-23JPD,SBE,,,9P6324,40443,Ocean,B098119,Gold Coast
20100174,Inactive,20100174,Ocean,UPS,APC,APC Smart UPS 1500,JB1009000448,,,,,,,9P6339,40455,Ocean,B098194,
20100175,Inactive,20100175,Ocean,UPS,APC,APC Smart UPS 1500,JB1009000449,,,,,,,9P6339,40455,Ocean,B098194,
20100176,Inactive,20100176,Ocean,UPS,APC,APC Smart UPS 1500,JB1009000435,,,,,,,9P6339,40455,Ocean,B098194,
20100177,Inactive,20100177,Ocean,UPS,APC,APC Smart UPS 1500,JB1009000484,,,,,,,9P6339,40455,Ocean,B098194,
20100178,Inactive,20100178,Ocean,UPS,APC,APC Smart UPS 1500,JB1009000497,,,,,,,9P6339,40455,Ocean,B098194,
20100179,Inactive,20100179,Ocean,UPS,APC,APC Smart UPS PRO 1500,3B1034X08911,,,,,,,9P6339,40455,Ocean,B098194,
20100180,Inactive,20100180,Ocean,UPS,APC,APC Smart UPS PRO 1500,3B1034X08879,,,,,,,9P6339,40455,Ocean,B098194,
20100181,Inactive,20100181,Ocean,UPS,APC,APC Smart UPS PRO 1500,3B1034X08973,,,,,,,9P6339,40455,Ocean,B098194,
20100184,Inactive,20100184,Ocean,Projector,Viewsonic,PJD6221,RK8102810378,,,,,,,9P6327,40459,Ocean,B098232,Ford Training
20100185,Inactive,20100185,Ocean,Projector,Viewsonic,PJD6221,RK8101707449,,,,,,,9P6327,40459,Ocean,B098232,Ford Training
20100186,Inactive,20100186,Ocean,Projector,Viewsonic,PJD6221,RK8101707451,,,,,,,9P6327,40459,Ocean,B098232,Ford Training
20100187,Inactive,20100187,Ocean,Projector,Viewsonic,PJD6221,RK8101707438,,,,,,,9P6327,40459,Ocean,B098232,Ford Training
20100206,Inactive,20100206,Ocean,Printer,Kyocera,FS-3920DN,XSZ0703136,,,,,,,9P6335,40471,Ocean,B098346,
20100208,Inactive,20100208,Ocean,Notebook,Toshiba,PTSE1A-00K005,8A063036H,Win7 Pro,827HW-476HD-B43PJ-29J3J-RRBVX,R9V62-6BBQQ-WH2JP-DQVTQ-V9BVY,SBE,,,9P6332,40471,Ocean,B098363,
20100222,Inactive,20100222,Ocean,PC,Octek,Intel DH55,B098370/002,Win 7 Pro,4H743-4BFFQ-6R9D8-QCQQH-C8JK9,PX2F7-HHM9T-KTQC9-T6TYR-XRRHY,SBE,,,9P6331,40476,Ocean,B098370,
20100231,Inactive,20100231,Ocean,Server,Intel,Intel S3420GPLX,B098352/001, , , , ,,,9P6333,40479,Ocean,B098352,
20100234,Inactive,20100234,Ocean,Printer,Kyocera,FS-1128MFP,QRE0801889,,,,,,,9P6341,40485,Ocean,B098500,Multifunction Centre
20100241,Inactive,20100241,Ocean,Notebook,Toshiba,PTSE1A-00K005,7A059539H,Win7 Pro,PX483-CWXQV-CJ6PJ-7MQB3-DWB86,FBWTC-CDXRJ-C6DKC-T6HM3-VJV7Y,SBE,,,9P6337,40487,Ocean,B098497,
20100243,Inactive,20100243,Ocean,Notebook,Toshiba,PTSE1A-00K005,7A062789H,Win7 Pro,PT8HV-TJ687-BYPWG-7M628-DJ4P2,TGHJC-38M8B-G397J-4H7H6-B9W4B,SBE,,,9P6337,40487,Ocean,B098497,
20100258,Inactive,20100258,Ocean,Thin Client,HP,T550,CNW04209JP,,,,,,,9P6343 ,40497,Ocean,B098584,Darwin
20100261,Inactive,20100261,Ocean,Thin Client,HP,T550,CNW04209FM,,,,,,,9P6343 ,40497,Ocean,B098584,
20100264,Inactive,20100264,Ocean,Thin Client,HP,T550,CNW04209FB,,,,,,,9P6343 ,40497,Ocean,B098584,
20100274,Inactive,20100274,Ocean,Printer,Kyocera,FS-1370DN,Q670600308,,,,,,,9P6346,40501,Ocean,B098623,
20100275,Inactive,20100275,Ocean,Printer,Kyocera,FS-1370DN,Q670600241,,,,,,,9P6346,40501,Ocean,B098623,
20100282,Inactive,20100282,Ocean,Server,Intel,Intel S3420GPLX,B098627/001, , , , ,,,9P6348,40507,Ocean,B098627,
20100294,Inactive,20100294,Ocean,Switch,Procurve,J9020A - 2510-48,CN022YV00Y,,,,,,,9P6349,40513,Ocean,B098624,
20100295,Inactive,20100295,Ocean,Switch,Procurve,J9020A - 2510-48,CN022YV05B,,,,,,,9P6349,40513,Ocean,B098624,
20100296,Inactive,20100296,Ocean,Switch,Procurve,J9020A - 2510-48,CN022YV00Z,,,,,,,9P6349,40513,Ocean,B098624,
20100297,Inactive,20100297,Ocean,Switch,Procurve,J9020A - 2510-48,CN022YV00H,,,,,,,9P6349,40513,Ocean,B098624,
20100300,Inactive,20100300,Ocean,Switch,CISCO,AIR-AP1131AG-N-K9,FGL1445V2BS,,,,,,,9P6349,40513,Ocean,B098624,
20100301,Inactive,20100301,Ocean,Switch,CISCO,AIR-AP1131AG-N-K9,FGL1445V2BG,,,,,,,9P6349,40513,Ocean,B098624,
20100305,Inactive,20100305,Ocean,Printer,Kyocera,FS-3920DN,XSZ0X03701,,,,,,,9P6350,40518,Ocean,B098799,
20100318,Inactive,20100318,Ocean,Notebook,Toshiba,PTSE1A-00K005,5A111922H,Win7 Pro,V3HQ9-W37YR-4XTPD-GH3QJ-RXX23,H8H6R-KX8CR-6C8PK-PC4QT-MPDMM,SBE,,,9P6354,40532,Ocean,B098852,
20100320,Inactive,20100320,Ocean,Notebook,Toshiba,PTSE1A-00K005,7A063129H,Win7 Pro,VT6G9-K4X87-WYCCV-XGXXJ-HW38V,TQ8BF-RXY96-VM42V-M4DJ9-9477Y,SBE,,,9P6354,40532,Ocean,B098852,
20110041,Inactive,20110041,Ocean,Printer,Kyocera,FS-1128MFP,QRE0Z02622,,,,,,,9P6365,40567,Ocean,B099101,
20110044,Inactive,20110044,Ocean,Printer,Kyocera,FS-1128MFP,QRE0Z02522,,,,,,,9P6365,40567,Ocean,B099101,Darwin
20110051,Inactive,20110051,Ocean,Server,Intel,Intel S3420GPLX,B098961/001, , , , ,,,9P6359(B),40567,Ocean,B098961,
20110052,Inactive,20110052,Ocean,Server,Intel,Intel S3420GPLX,B098960/001, , , , ,,,9P6359(A),40567,Ocean,B098960,
20110067,Inactive,20110067,Ocean,PC,Octek,Intel DH55,B099091/014,Win7 Pro,YMYGR-PJ9D4-3HHP2-GBPTX-CYTP4,MJK68-Q9GHV-BGW83-CCB9F-24764,SBE,,,9P6362,40577,Ocean,B099091,
20110068,Inactive,20110068,Ocean,PC,Octek,Intel DH55,B099091/015,Win7 Pro,RGJ9K-JMQM8-84JCW-QRDB2-VMF2D,PQQDK-KW4KJ-HRXRJ-D2893-3PWTV,SBE,,,9P6362,40577,Ocean,B099091,
20110070,Inactive,20110070,Ocean,PC,Octek,Intel DH55,B099091/017,Win7 Pro,6JCHJ-22VF3-B3F7P-DBPBY-XTGDW,JX8GM-DFDB8-WMQBY-8VXFD-PX9VK,SBE,,,9P6362,40577,Ocean,B099091,
20110074,Inactive,20110074,Ocean,Notebook,Toshiba,PTSE1A-00K005,7A064990H,Win7 Pro,Ref Shane,KGRB2-PPDXR-7QWTH-V3F7P-KVCP6,SBE,,,9P6363,40584,Ocean,B099092,
20110087,Inactive,20110087,Ocean,Backup,Tandberg,LTO4 Autoloader,AA22MA013712,,,,,,,9P6376,40591,Ocean,B099372,
20110090,Inactive,20110090,Ocean,PC,Octek,Intel DH55,B099378/001,Win7 Pro,33B6H-JWCB2-XCYQ3-T9P4B-HMRPC,J84D8-VB84H-KGMXB-BQQK7-HR8CH,SBE,,,9P6378(A),40596,Ocean,B099378,
20110100,Inactive,20110100,Ocean,PC,Octek,Intel DP55WG,B099379/001,NONE,N/A,GQDGQ-WRHTW-9MVDK-BGPB2-K7PK2,SBE,,,9P6378(B),40596,Ocean,B099379,ONE OFF SYSTEM
20110102,Inactive,20110102,Ocean,Printer,Epson,TM-U295P,JATF005064,,,,,,,9P6377,40592,Ocean,,
20110103,Inactive,20110103,Ocean,Printer,Epson,TM-U295P,JATF005391,,,,,,,9P6377,40592,Ocean,,
20110105,Inactive,20110105,Ocean,Printer,Epson,TM-U295P,JATF005472,,,,,,,9P6377,40675,Ocean,,
20110106,Inactive,20110106,Ocean,Printer,Epson,TM-U295P,JATF005471,,,,,,,9P6377,40675,Ocean,,
20110107,Inactive,20110107,Ocean,PC,Octek,Intel DQ45,B099337/001,Win 7 Pro,YF2KX-P4WXF-FCMK6-R7PGY-GG4HV,7XY3T-DRQ9W-2GWBG-3266K-BD6XJ,SBE,,,9P6374,40596,Ocean,B099337,Gold Coast
20110108,Inactive,20110108,Ocean,PC,Octek,Intel DQ45,B099337/002,Win 7 Pro,77BGW-6HH7D-MMXX7-2JYB6-XM4GM,388P8-CBWY6-CXBR9-QJ4F4-FYJDW,SBE,,,9P6374,40596,Ocean,B099337,Gold Coast
20110109,Inactive,20110109,Ocean,PC,Octek,Intel DQ45,B099337/003,Win 7 Pro,D3633-29R8H-G6TWW-RYFVP-6MM84,D8649-C72D3-XDYX8-BJ9T4-HRY2M,SBE,,,9P6374,40596,Ocean,B099337,Gold Coast
20110110,Inactive,20110110,Ocean,PC,Octek,Intel DQ45,B099337/004,Win 7 Pro,GWFHY-BJTV6-3P72R-8K9QJ-2CW82,26XJ3-7PBJT-6C6YB-MRGK8-M8TH9,SBE,,,9P6374,40596,Ocean,B099337,Gold Coast
20110111,Inactive,20110111,Ocean,Notebook,Toshiba,PTSE1A-00K005,6A062502H,Win7 Pro,38KMY-268H6-PCDJ4-R74MR-K6FG8,KJDGT-9PC9M-RKYHY-BTVXM-22GDH,SBE,,,9P6372,40599,Ocean,B099311,
20110114,Inactive,20110114,Ocean,Notebook,Toshiba,PTSE1A-00K005,6A063034H,Win7 Pro,C2G6W-DVP8R-PGQ4R-33KYQ-JVVHC,W3MQV-2P2BX-PTT6B-T4J8R-FBKM7,SBE,,,9P6372,40599,Ocean,B099311,
20110117,Inactive,20110117,Ocean,Notebook,Toshiba,PTSE1A-00K005,6A062516H,Win7 Pro,KHG8R-882HV-WVDK9-R884H-X2993,FFK7X-HDB2R-38VJM-BQ2TD-Y3P9V,SBE,,,9P6372,40599,Ocean,B099311,
20110137,Inactive,20110137,Ocean,Monitor,LG,LGT1910B,011NDCRC8987,,,,,,,9P6390,40617,Ocean,B099627,"19"" Touch Screen"
20110138,Inactive,20110138,Ocean,Printer,Canon,IP100,ABCS15704,,,,,,,9P6387,40617,,B099622,
20110139,Inactive,20110139,Ocean,Printer,Canon,IP100,ABCS15928,,,,,,,9P6387,40617,,B099622,
20110140,Inactive,20110140,Ocean,Monitor,LG,LGT1910B,007KCLH4F912,,,,,,,9P6390,40617,Ocean,B099627,"19"" Touch Screen"
20110143,Inactive,20110143,Ocean,Switch,Procurve,HPE4957 - 2510-48,CN032YV0FJ,,,,,,,9P6381,40609,Ocean,B099375,
20110144,Inactive,20110144,Ocean,Switch,Procurve,HPE4957 - 2510-48,CN032YV0SR,,,,,,,9P6381,40609,Ocean,B099375,
20110145,Inactive,20110145,Ocean,Switch,Procurve,HPE4957 - 2510-48,CN032YV0N7,,,,,,,9P6381,40609,Ocean,B099375,
20110149,Inactive,20110149,Ocean,Switch,CISCO,AIR-AP113AG-N-K9,FGL1450V0CA,,,,,,,9P6381,40609,Ocean,B099375,Wireless access point
20110151,Inactive,20110151,Ocean,Notebook,Toshiba,PTSE1A-00K005,6A063067H,Win7 Pro,YK2TF-9WJCH-GY76Q-XDMX8-G8Q3W,6DFJK-4C68K-CH2G8-JG99Y-MP9HW,SBE,,,9P6382,40613,Ocean,B099609,Gold Coast
20110152,Inactive,20110152,Ocean,Notebook,Toshiba,PTSE1A-00K005,6A062505H,Win7 Pro,6BD78-Y46KJ-K6RK6-DQX9X-79BPJ,2XMG2-PYTKH-DPKBB-9MYJT-DM366,SBE,,,9P6382,40616,Ocean,B099609,Gold Coast
20110153,Inactive,20110153,Ocean,Notebook,Toshiba,PTSE1A-00K005,6A062511H,Win7 Pro,FCGV8-PG9BT-WYJYB-MC9K4-MD3GC,V83TQ-28FKP-8C39V-6GQK9-C8KBM,SBE,,,9P6382,40616,Ocean,B099609,Gold Coast
20110154,Inactive,20110154,Ocean,Notebook,Toshiba,PTSE1A-00K005,6A062506H,Win7 Pro,32234-PDC7M-VVVJB-J29W3-JCY89,VQR72-VFWH7-3BR2C-892CT-M7VGB,SBE,,,9P6382,40616,Ocean,B099609,Gold Coast
20110155,Inactive,20110155,Ocean,Notebook,Toshiba,PTSE1A-00K005,6A062519H,Win7 Pro,7XQ9T-4HGB9-WVH8P-FVPRT-TGKTH,BBBMX-7JHFG-JVHT3-2BCJ9-MJVMY,SBE,,,9P6382,40616,Ocean,B099609,Gold Coast
20110156,Inactive,20110156,Ocean,Notebook,Toshiba,PTSE1A-00K005,6A062508H,Win7 Pro,2XY77-R6PCD-4CPGB-74FGP-7YF2T,QYXYF-H9PCX-3GMV3-6H238-32YW8,SBE,,,9P6382,40616,Ocean,B099609,Gold Coast
20110157,Inactive,20110157,Ocean,Notebook,Toshiba,PTSE1A-00K005,6A062504H,Win7 Pro,CPM6G-GX7DY-XBK4R-626VM-B447R,W6QWC-JFBBG-J8P3Q-68H62-CF22T,SBE,,,9P6382,40616,Ocean,B099609,Gold Coast
20110158,Inactive,20110158,Ocean,Notebook,Toshiba,PTSE1A-00K005,6A062513H,Win7 Pro,JFD8F-KFKR9-2DT8G-JTHV6-244JX,W89BG-79Y3Q-8V74C-V9QTQ-JBCV9,SBE,,,9P6382,40616,Ocean,B099609,Gold Coast
20110162,Inactive,20110162,Ocean,Notebook,Toshiba,PTSE1A-00K005,6A063041H,Win7 Pro,8Y8DX-FRW9K-TQPYP-WYYVP-J4DB4,J938K-WT2PC-KVXBF-2P4G3-3RRJF,SBE,,,9P6385N,40626,Ocean,B099619,
20110166,Inactive,20110166,Ocean,Notebook,Toshiba,PTSE1A-00K005,6A063055H,Win7 Pro,YPXHK-X29CH-MQKC2-6KDQQ-MTRG7,MJHPV-P2FRG-BP8K9-WH89G-FWRYX,SBE,,,9P6385N,40626,Ocean,B099619,
20110167,Inactive,20110167,Ocean,Server,Intel,Intel MFSYS25,B099397/001, , , , ,,,9P6380,40648,Ocean,B099397,Darwin
20110178,Inactive,20110178,Ocean,Printer,Kyocera,FS-5350DN,QVR0Z00295,,,,,,,9P6391,40266,Ocean,B099721,Colour Printer
20110180,Inactive,20110180,Ocean,PC,Octek,Intel DH55,B099620/001,Win7 Pro,D69T9-2QX77-4G7FJ-674M4-8QQCF,H4PRY-D8FVD-64R6D-VMKW4-K87DK,SBE,,,9P6388,40632,Ocean,B099620,
20110186,Inactive,20110186,Ocean,Switch,Procurve,HPE4956 - 2510-24,CN028FW0PW,,,,,,,9P6394(N),40639,Ocean,B099808,
20110187,Inactive,20110187,Ocean,Switch,Procurve,HPE4956 - 2510-24,CN028FW420,,,,,,,9P6394(N),40639,Ocean,B099808,
20110190,Inactive,20110190,Ocean,Switch,Procurve,HPE4957 - 2510-48,CN047YV1ZS,,,,,,,9P6394(N),40639,Ocean,B099808,
20110191,Inactive,20110191,Ocean,Switch,Procurve,HPE4957 - 2510-48,CN047YV01F,,,,,,,9P6394(N),40639,Ocean,B099808,
20110192,Inactive,20110192,Ocean,Switch,Procurve,HPE4957 - 2510-48,CN047YV00J,,,,,,,9P6394(N),40639,Ocean,B099808,
20110193,Disposed,20110193,Ocean,Printer,Kyocera,FS-1128MFPF,QRE1202786,,,,,,,9P6395,40644,Ocean,B099814,
20110236,Inactive,20110236,Ocean,PC,Octek,Intel DH55,B099962/001,Win7 Pro,34X8R-MT444-PHXJQ-M4PPG-RP79Y,VM33V-8PYWT-RP8JQ-4X4JG-P36X3,SBE,,,9P6400,40673,Ocean,B099962,
20110257,Inactive,20110257,Ocean,PC,Octek,Intel DH55,B100130/001,Win7 Pro,P7MDH-4PPC6-4FP37-4YFKF-TH6MF,D3HPC-2RGKT-CX4BT-8H7WK-RCVTJ,SBE,,,9P6406,40682,Ocean,B100130,Gold Coast
20110258,Inactive,20110258,Ocean,PC,Octek,Intel DH55,B100130/002,Win7 Pro,Q6PTM-KC8D6-GKQXW-VJHV6-KQU9P,P4XH8-WW6MG-PQQQ3-YWCXD-DYF4P,SBE,,,9P6406,40682,Ocean,B100130,Gold Coast
20110259,Inactive,20110259,Ocean,PC,Octek,Intel DH55,B100130/003,Win7 Pro,VQ9DD-8YKMQ-DCCMC-26BHJ-J6FCJ,2MQCJ-B4J3B-W897B-HWFFH-GJ2VY,SBE,,,9P6406,40682,Ocean,B100130,Gold Coast
20110288,Inactive,20110288,Ocean,Switch,Cisco,AP1131AG-N-K9,FGL1521V0B2,,,,,,,9P6412,40704,Ocean,B100391,Wireless access point
20110289,Inactive,20110289,Ocean,Switch,Cisco,AP1131AG-N-K9,FGL1521V0A7,,,,,,,9P6412,40704,Ocean,B100391,Wireless access point
20110301,Unknown,20110301,Ocean,Printer,Kyocera,FS-1128MFP,QRE1302965,,,,,,,9P6415,40709,Ocean,B100426,Multifunction Centre
20110304,Inactive,20110304,Ocean,Switch,Procurve,HPE4957 - 2510-48,CN032YV0NP,,,,,,,9P6414,40710,Ocean,B100425,
20110307,Inactive,20110307,Ocean,Switch,Procurve,HPE4957 - 2510-48,CN032YV0NT,,,,,,,9P6414,40710,Ocean,B100425,
20110308,Inactive,20110308,Ocean,Switch,Procurve,HPE4957 - 2510-48,CN041YV0L1,,,,,,,9P6414,40710,Ocean,B100425,
20110309,Inactive,20110309,Ocean,Switch,Procurve,HPE4956 - 2510-24,CN028FW0PV,,,,,,,9P6414,40710,Ocean,B100425,
20110310,Destroyed,20110310,Ocean,Switch,Procurve,HPE4956 - 2510-24,CN028FW2GX,,,,,,,9P6414,40710,Ocean,B100425,
20110314,Inactive,20110314,Ocean,Server,Intel,Intel MFSYS25,B100384/001, , , , ,,,9P6423,40723,Ocean,B100384,
20110347,Inactive,20110347,Ocean,Printer,Kyocera,FS-5350DN,QVR1300382,,,,,,,9P6420,40724,Ocean,B100567,Colour Laser Printer
20110351,Inactive,20110351,Ocean,Printer,Kyocera,FS-5350DN,QVR0Z00288,,,,,,,9P6420,40724,Ocean,B100567,Colour Laser Printer
20110362,Inactive,20110362,Ocean,Backup,Tandberg,LTO4 SAS External Drive,HU1124GYK1,,,,,,,9P6424,40737,Ocean,B100685,External Tanberg SASDrive Kit
20110367,Inactive,20110367,Ocean,Notebook,Toshiba,PT525A-003019,6B113126H,Win 7 Pro,TMWFX-93V34-4J4WY-2F968-MRDJH,8262K-J9C46-B2K2P-3WQ3H-2JWC8,SBE,,,9P6426,40752,Ocean,B100800,OEM Office 2010
20110368,Inactive,20110368,Ocean,Notebook,Toshiba,PT525A-003019,6B109895H,Win 7 Pro,FB8M3-QP267-24K4G-G2799-C26TR,H7FVC-DWGJM-X4VX9-DYCQK-JKVFV,SBE,,,9P6426,40752,Ocean,B100800,OEM Office 2010
20110373,Inactive,20110373,Ocean,Printer,Kyocera,FS-1370DN,Q671503611,,,,,,,9P6431,40752,Ocean,B100824,Mono Laser
20110381,Inactive,20110381,Ocean,Printer,Kyocera,FS-1128MFP,QRE1603507,,,,,,,9P6430,40756,Ocean,B100820,Multifunction Centre
20110382,Inactive,20110382,Ocean,Printer,Kyocera,FS-1128MFP,QRE1603506,,,,,,,9P6247(D),40756,Ocean,B100818,Multifunction Centre
20110396,Inactive,20110396,Ocean,PC,Octek,Intel DH67,B100809/011,Win7 Pro,RF2XX-P84VH-KDPRY-Q77HB-8M2YP,HM44H-B9WYC-DCVTB-W3BGV-XFFVX,SBE,,,9P6425,40763,Ocean,B100809,OEM Office 2010
20110411,Inactive,20110411,Ocean,Projector,Epson ,EB-455WI,PCDF150215L,,,,,,,9P6434,40773,Ocean,B100987,Ultra S/throw projector
20110414,Inactive,20110414,Ocean,Printer,Kyocera,FS-3920DN,XSZ1604837,,,,,,,9P6429,40778,Ocean,B101014,Mono Laser
20110431,Unknown,20110431,Ocean,PC,Octek,Intel DH67,B101026/001,Win7 Pro,23BCX-78W6R-84QVX-CFWP2-XFXP7,BFF3D-PG6FC-VBRPW-K9KV4-KMGK6,SBE,,,9P6436,40785,Ocean,B10126,OEM Office 2010
20110449,Inactive,20110449,Ocean,Notebook,Toshiba,PT525A-003019,7B120642H,Win7 Pro,VXC69-K3GVW-9RM3X-9F9RX-4G2HV,33P9J-J6K6Y-4F9KH-D4HJB-VFTWR,SBE,,,9P6444(L),40794,Ocean,B101174,OEM Office 2010
20110450,Inactive,20110450,Ocean,Notebook,Toshiba,PT525A-003019,7B120654H,Win7 Pro,D6DY6-34QXV-DRVBR-7GHVH-Y3G4H,BV6T4-7FB4R-FHYRT-6YJ4P-YTF3T,SBE,,,9P6444(L),40794,Ocean,B101174,OEM Office 2010
20110451,Inactive,20110451,Ocean,Notebook,Toshiba,PT525A-003019,7B120659H,Win 7 Pro,BW32X-HBD7K-BFFV7-92C39-WTM2W,R9DWQ-GMHQC-GCC2B-39WT8-RGRTP,SBE,,,9P6444(L),40794,Ocean,B101174,OEM Office 2010
20110452,Inactive,20110452,Ocean,PC,Octek,Intel DH67,B101175/001,Win7 Pro,BDCM8-WXK28-RQQHH-BRJ9B-8PMHC,GCM92-8QYPG-WM8QF-4QFKW-8RHRQ,SBE,,,9P6444(GC),40798,Ocean,B101175,OEM Office 2010
20110453,Inactive,20110453,Ocean,PC,Octek,Intel DH67,B101175/002,Win7 Pro,CV824-GF97F-FFH7K-GVC39-WJF3V,C8G2F-BHW9J-6PB9M-7HKDX-CMWGB,SBE,,,9P6444(GC),40798,Ocean,B101175,OEM Office 2010
20110454,Inactive,20110454,Ocean,Server,Intel,Intel MFSYS25V2,B101032/001, , , , ,,,9P6440,40774,Ocean,B101032,
20110455,Inactive,20110455,Ocean,Switch,CISCO,AIR-AP1131AG-N-K9,FGL1521V0B8,,,,,,,9P6446,40812,Ocean,B101267,Wireless access point
20110456,Inactive,20110456,Ocean,Switch,CISCO,AIR-AP1131AG-N-K9,FGL1521V0B5,,,,,,,9P6446,40812,Ocean,B101267,Wireless access point
20110457,Inactive,20110457,Ocean,Switch,CISCO,AIR-AP1131AG-N-K9,FGL1521V0AH,,,,,,,9P6446,40812,Ocean,B101267,Wireless access point
20110460,Inactive,20110460,Ocean,UPS,APC,APC Power Saving UPS 1500,3B1127X42516,,,,,,,9P6446,40812,Ocean,B101267,
20110461,Inactive,20110461,Ocean,UPS,APC,APC Power Saving UPS 1500,3B1127X42502,,,,,,,9P6446,40812,Ocean,B101267,
20110462,Inactive,20110462,Ocean,UPS,APC,APC Power SavingUPS 1500,3B1127X42483,,,,,,,9P6446,40812,Ocean,B101267,
20110467,Inactive,20110467,Ocean,Notebook,Toshiba,PT525A-003019,7B120597H,Win 7 Pro,P36C9-JC6F4-Q8X4X-2RYJ7-W9FJR,V3BVF-MFXJY-DYYCC-K74RQ-TH2M7,SBE,,,9P6448,40814,Ocean,B101307,OEM Office 2010
20110470,Inactive,20110470,Ocean,Notebook,Toshiba,PT525A-003019,7B120664H,Win 7 Pro,CMD6H-4YH69-4YDPW-WJDBQ-8FWBP,GMDPJ-PRKM7-493BP-M8PWX-7BWBD,SBE,,,9P6448,40815,Ocean,B101307,OEM Office 2010
20110471,Inactive,20110471,Ocean,Projector,Epson ,EB-455WI,PCDF150176L,,,,,,,9P6451,40815,Ocean,B101335,Ultra S/throw projector
20110496,Inactive,20110496,Ocean,Printer,Kyocera,FS-3920DN,XSZ1605131,,,,,,,9P6439,40823,Ocean,B101324,Mono Laser
20110500,Inactive,20110500,Ocean,Printer,Kyocera,FS-1128MFP,QRE1803865,,,,,,,9P6456,40834,Ocean,B101453,Multifunction Centre
20110504,Inactive,20110504,Ocean,TV,Senzu,5500SEX101,L55KF9A0163,,,,,,,9P6462,40840,Ocean,B101472,Full HD LED TV
20110512,Inactive,20110512,Ocean,Printer,Kyocera,FS-3920DN,XSZ1605373,,,,,,,9P6460,40848,Ocean,B101571,Mono Laser
20110513,Inactive,20110513,Ocean,Printer,Kyocera,FS-3920DN,XSZ1605361,,,,,,,9P6460,40848,Ocean,B101571,Mono Laser
20110532,Inactive,20110532,Ocean,Feeder,Kyocera,FS-3920DN 2000,GPS1705586,,,,,,,9P6432,40851,Ocean,B100955,Bulk Paper Feeder
20110541,Inactive,20110541,Ocean,Printer,Zebra,ZM400 203 dpi,08J112701157,,,,,,,9P6454,40871,Ocean,B101390,
20110542,Inactive,20110542,Ocean,Printer,Zebra,ZM400 203 dpi,08J112701149,,,,,,,9P6454,40871,Ocean,B101390,
20110551,Inactive,20110551,Ocean,PC,Octek,Intel DH67,B101806/001,Win7 Pro,YH938-X8QV6-VG2TF-8FQWB-J8BYP,383M6-P6WHH-M4YPJ-9GF4P-FVPH2,SBE,,,9P6468(D),40876,Ocean,B101806,OEM Office 2010
20110558,Inactive,20110558,Ocean,Notebook,Toshiba,PT525A-003019,8B121068H,Win 7 Pro,PY6QY-DTGT2-QT9FG-GM64X-4CCXW,TFJMH-HG7VG-2RPVM-JVHJY-44QYJ,SBE,,,9P6466,40883,Ocean,B101791,OEM Office 2010
20110561,Inactive,20110561,Ocean,Switch,Procurve,HPE4957 - 2510-48,CN126YV01X,,,,,,,9P6469,40878,Ocean,B101800,
20110562,Inactive,20110562,Ocean,Switch,Procurve,HPE4957 - 2510-48,CN129YV0YH,,,,,,,9P6469,40878,Ocean,B101800,
20110563,Inactive,20110563,Ocean,Switch,Procurve,HPE4957 - 2510-48,CN129YV0XI,,,,,,,9P6469,40878,Ocean,B101800,
20110565,Inactive,20110565,Ocean,Switch,Procurve,HPE4957 - 2510-48,CN126YV028,,,,,,,9P6469,40878,Ocean,B101800,
20110566,Inactive,20110566,Ocean,Switch,Procurve,HPE4956 - 2510-24,CN130FW189,,,,,,,9P6469,40878,Ocean,B101800,
20110567,Inactive,20110567,Ocean,Switch,Procurve,HPE4956 - 2510-24,CN130FW1V8,,,,,,,9P6469,40878,Ocean,B101800,
20110568,Inactive,20110568,Ocean,Switch,Procurve,HPE4956 - 2510-24,CN130FW0KR,,,,,,,9P6469,40878,Ocean,B101800,
20110582,Inactive,20110582,Ocean,PC,Octek,Intel DH67,B101786/013,Win7 Pro,28TTB-K2BPV-7B34M-6PKK2-DCXQH,C7K46-FQ62J-9YYDY-FC988-X6DDR,SBE,,,9P6465,40889,Ocean,B101786,OEM Office 2010
20110587,Inactive,20110587,Ocean,PC,Octek,Intel DH67,B101786/018,Win7 Pro,YMXCC-82W3D-RX6X9-K2BM4-M84GG,FH4B3-Y4R8K-PQ4B9-Q2X7T-JBJJ2,SBE,,,9P6465,40884,Ocean,B101786,OEM Office 2010
20110589,Inactive,20110589,NO LONGER USABLE - DESTROYED,,,,,,,,,,,,,,,
20110591,Inactive,20110591,Ocean,Switch,CISCO,AIR-AP1131AG-N-K9,FGL1547V07N,,,,,,,9P6478,40886,Ocean,B101908,Wireless access point 20110591,Ocean,Switch,CISCO,SD208T-AU 89,PSJ144001KP,,,,,,,9P6491,40961,Ocean,B102359,Wired Switch-sent to Darwin
20110592,Inactive,20110592,Ocean,Switch,CISCO,AIR-AP1131AG-N-K9,FGL1547V07Q,,,,,,,9P6478,40886,Ocean,B101908,Wireless access point 20110592,Ocean,Switch,CISCO,SD208T-AU 89,PSJ144001HL,,,,,,,9P6491,40961,Ocean,B102359,Wired Switch-sent to Darwin
20110593,Inactive,20110593,Ocean,Switch,CISCO,AIR-AP1131AG-N-K9,FGL1547V07S,,,,,,,9P6478,40886,Ocean,B101908,Wireless access point 20110593,Ocean,Switch,CISCO,SD208T-AU 89,PSJ144001HF,,,,,,,9P6491,40961,Ocean,B102359,Wired Switch-sent to Darwin
20110594,Inactive,20110594,Ocean,Switch,CISCO,AIR-AP1131AG-N-K9,FGL1547V07Z,,,,,,,9P6478,40886,Ocean,B101908,Wireless access point 20110594,Ocean,Switch,CISCO,SD208T-AU 89,PSJ153402VS,,,,,,,9P6491,40961,Ocean,B102359,Wired Switch
20110597,Inactive,20110597,Ocean,Switch,CISCO,AIR-AP1131AG-N-K9,FGL1547V07P,,,,,,,9P6478,40886,Ocean,B101908,Wireless access point 20110597,Ocean,Switch,CISCO,SD208T-AU 89,PSJ153402VY,,,,,,,9P6491,40961,Ocean,B102359,Wired Switch
20110598,Inactive,20110598,Ocean,Switch,CISCO,AIR-AP1131AG-N-K9,FGL1547V089,,,,,,,9P6478,40886,Ocean,B101908,Wireless access point 20110598,Ocean,Switch,CISCO,SD208T-AU 89,PSJ153402W1,,,,,,,9P6491,40961,Ocean,B102359,Wired Switch
20110599,Inactive,20110599,Ocean,Switch,CISCO,AIR-AP1131AG-N-K9,FGL1547V085,,,,,,,9P6478,40886,Ocean,B101908,Wireless access point 20110599,Ocean,Switch,CISCO,SD208T-AU 89,PSJ153402VZ,,,,,,,9P6491,40961,Ocean,B102359,Wired Switch
20120004,ISS Darwin,20120004,Ocean,PC,Octek,Intel DH67,B102101/002,Win7 Pro,BRBX3-HYDRP-RR7PG-XD3YJ-JXTYV,9CD6F-7J6HQ-B74DR-QMPBF-PMVJ9,SBE,,,9P6472(D),40926,Ocean,B102101,OEM Office 2010 - DARWIN
20120010,Inactive,20120010,Ocean,PC,Octek,Intel DH67,B102091/006,Win7 Pro,WXYQW-8667M-MB9Q8-K626Q-YYRWR,36YR2-RQBH4-BH4PF-3K9QX-HJYDD,SBE,,,9P6470-JAN 2012,40933,Ocean,B102091,OEM Office 2010
20120037,Inactive,20120037,Ocean,Zbox,Zotac,ID81 CELERON CULV857,G120121703230,,RBKX4-KH8VM-T7TCQ-J7X68-C389K,,,,,9P6490,40947,Ocean,B102243,
20120038,Inactive,20120038,Ocean,Zbox,Zotac,ID81 CELERON CULV857,G120121703227,,CW93M-9WBYC-7RX6Q-CG34H-7HGT4,,,,,9P6490,40947,Ocean,B102243,
20120039,Inactive,20120039,Ocean,Zbox,Zotac,ID81 CELERON CULV857,G120121703228,,YDC3C-PHW8R-FR362-C86C7-8MHW7,,,,,9P6490,40947,Ocean,B102243,
20120040,Inactive,20120040,Ocean,Zbox,Zotac,ID81 CELERON CULV857,G120121703229,,J6R72-8FK3J-9RMB8-6RCYX-62J3Y,,,,,9P6490,40947,Ocean,B102243,
20120041,Inactive,20120041,Ocean,Zbox,Zotac,ID81 CELERON CULV857,G120121703226,,KFDFD-FJK9F-37G2R-JY4QM-YRBKF,,,,,9P6490,40947,Ocean,B102243,
20120042,Inactive,20120042,Ocean,Zbox,Zotac,ID81 CELERON CULV857,G120121703231,,H3YBW-VX24B-76T9W-CMT4R-76YM3,,,,,9P6490,40948,Ocean,B102243,
20120046,Inactive,20120046,Ocean,Zbox,Zotac,ID81 CELERON CULV857,G120121703234,,4CD6W-DP9XT-W2HBX-9TJJ4-2X8PH,,,,,9P6490,40948,Ocean,B102243,
20120047,Inactive,20120047,NO LONGER VALID # - SEE 20120090,,,,,,,,,,,,,,,
20120075,Inactive,20120075,Ocean,Printer,Kyocera,FS-1135MFP,NR52100230,,,,,,,9P6481(FLD),40960,Ocean,B102338,Multifunction Centre
20120089,Inactive,20120089,Ocean,Printer,Kyocera,FS-3920DN,XSZ2506875,,,,,,,9P6565,41127,Ocean,B103392,Mono Laser
20110591,Inactive,20110591,Ocean,Switch,CISCO,AIR-AP1131AG-N-K9,FGL1547V07N,,,,,,,9P6478,40886,Ocean,B101908,Wireless access point 20110591,Ocean,Switch,CISCO,SD208T-AU 89,PSJ144001KP,,,,,,,9P6491,40961,Ocean,B102359,Wired Switch-sent to Darwin
20110592,Inactive,20110592,Ocean,Switch,CISCO,AIR-AP1131AG-N-K9,FGL1547V07Q,,,,,,,9P6478,40886,Ocean,B101908,Wireless access point 20110592,Ocean,Switch,CISCO,SD208T-AU 89,PSJ144001HL,,,,,,,9P6491,40961,Ocean,B102359,Wired Switch-sent to Darwin
20110593,Inactive,20110593,Ocean,Switch,CISCO,AIR-AP1131AG-N-K9,FGL1547V07S,,,,,,,9P6478,40886,Ocean,B101908,Wireless access point 20110593,Ocean,Switch,CISCO,SD208T-AU 89,PSJ144001HF,,,,,,,9P6491,40961,Ocean,B102359,Wired Switch-sent to Darwin
20110594,Inactive,20110594,Ocean,Switch,CISCO,AIR-AP1131AG-N-K9,FGL1547V07Z,,,,,,,9P6478,40886,Ocean,B101908,Wireless access point 20110594,Ocean,Switch,CISCO,SD208T-AU 89,PSJ153402VS,,,,,,,9P6491,40961,Ocean,B102359,Wired Switch
20110597,Inactive,20110597,Ocean,Switch,CISCO,AIR-AP1131AG-N-K9,FGL1547V07P,,,,,,,9P6478,40886,Ocean,B101908,Wireless access point 20110597,Ocean,Switch,CISCO,SD208T-AU 89,PSJ153402VY,,,,,,,9P6491,40961,Ocean,B102359,Wired Switch
20110598,Inactive,20110598,Ocean,Switch,CISCO,AIR-AP1131AG-N-K9,FGL1547V089,,,,,,,9P6478,40886,Ocean,B101908,Wireless access point 20110598,Ocean,Switch,CISCO,SD208T-AU 89,PSJ153402W1,,,,,,,9P6491,40961,Ocean,B102359,Wired Switch
20110599,Inactive,20110599,Ocean,Switch,CISCO,AIR-AP1131AG-N-K9,FGL1547V085,,,,,,,9P6478,40886,Ocean,B101908,Wireless access point 20110599,Ocean,Switch,CISCO,SD208T-AU 89,PSJ153402VZ,,,,,,,9P6491,40961,Ocean,B102359,Wired Switch
20120090,Inactive,20120047,NO LONGER VALID # - SEE 20120090,,,,,,,,,,,,,,, 20120090,Ocean,TV,Soniq,E55Z11a-au (Misc Code),QE6LF1BA1440,,,,,,,9P6493,40604,Ocean,B102250,Full HD LED-LCD TV
20120095,Inactive,20120095,Ocean,PC,Octek,Intel DH67,B102313/005,Win7 Pro,C7449-XVQPY-TF4K4-XPKC4-3GX7M,W4VYW-6BYFB-TCJDH-TQD7D-F4G6W,SBE,,,9P6487,40968,Ocean,B102313,OEM Office 2010
20120101,Inactive,20120101,Ocean,UPS,APC,APC BRI500 UPS PRO 1500,3B1202X05430,,,,,,,9P6488,40969,Ocean,B102319,
20120102,Inactive,20120102,Ocean,UPS,APC,APC BRI500 UPS PRO 1500,3B1202X05422,,,,,,,9P6488,40969,Ocean,B102319,
20120104,Inactive,20120104,Ocean,UPS,APC,APC BRI500 UPS PRO 1500,3B1202X05442,,,,,,,9P6488,40969,Ocean,B102319,
20120105,Inactive,20120105,Ocean,UPS,APC,APC BRI500 UPS PRO 1500,3B1202X05443,,,,,,,9P6488,40969,Ocean,B102319,
20120107,Inactive,20120107,Ocean,UPS,APC,APC BRI500 UPS PRO 1500,3B1202X05437,,,,,,,9P6488,40969,Ocean,B102319,
20120108,Inactive,20120108,Ocean,UPS,APC,APC BRI500 UPS PRO 1500,3B1202X05450,,,,,,,9P6488,40969,Ocean,B102319,
20120109,Inactive,20120109,Ocean,UPS,APC,APC BRI500 UPS PRO 1500,3B1202X05438,,,,,,,9P6488,40969,Ocean,B102319,
20120110,Inactive,20120110,Ocean,UPS,APC,APC BRI500 UPS PRO 1500,3B1202X05488,,,,,,,9P6488,40969,Ocean,B102319,
20120116,Inactive,20120116,Ocean,Zbox,Zotac,ID81 CELERON CULV857,G120121703199,,7T9BY-2BKD6-33BD3-GJK2W-DT748,,,,,9P6500,40983,Ocean,B102508,
20120122,Inactive,20120122,INVALID ASSET TAG - SEE 20120151,,,,,,,,,,,,,,,
20120130,Inactive,20120130,Ocean,Samsung,Galaxy,Galaxy Tablet P7500FKDXS,3.58534E+14,,,,,,,9P6507,40991,Ocean,B102580,
20120131,Inactive,20120131,Ocean,Samsung,Galaxy,Galaxy Tablet P7500FKDXS,3.58534E+14,,,,,,,9P6507,40991,Ocean,B102580,
20120151,Inactive,20120122,INVALID ASSET TAG - SEE 20120151,,,,,,,,,,,,,,, 20120151,Ocean,Tablet,Samsung,Galaxy Tablet P7500FKDXS,3.58534E+14,,,,,,,9P6501,40984,Ocean,B102515,
20120156,Inactive,20120156,Ocean,Printer,Kyocera,FS-1135MFP,NR52100240,,,,,,,9P6523(MF),41026,Ocean,B102773,Multifunction Centre
20120157,Inactive,20120157,Ocean,Server,Intel,Intel MFSYS25V2,B102620/001, , , , ,,,9P6508,41029,Ocean,B102620,
20120165,Inactive,20120165,Ocean,Notebook,Toshiba,PT525A-00801901,7B156886H,Win 7 Pro,2P3HC-J4J2C-YKHC6-Y6642-BWF69,X98G4-TGC8J-CJ6DP-RHG2H-7D94C,SBE,,,9P6522,41032,Ocean,B102770,OEM Office 2010
20120167,Inactive,20120167,Ocean,Notebook,Toshiba,PT525A-00801901,7B154931H,Win 7 Pro,22897-VPM32-46G7Y-KBFBG-DBT8R,4F2FD-X297C-VQCVH-24KMG-F4843,SBE,,,9P6522,41032,Ocean,B102770,OEM Office 2010
20120173,Inactive,20120173,Ocean,Svr H'dware,Promise,ES10SD - Vtrak 12 Bay SAS,QB0016061478,,,,,,,9P6526,41044,Ocean,B102894,
20120192,Inactive,20120192,Ocean,Notebook,Toshiba,PT525A-00801901,7B152573H,Win 7 Pro,9F8CH-3V8TB-2MMQ6-HW2XR-YC9DX,CQKHX-RC2YT-YTRC8-P7CB9-KCDYG,SBE,,,9P6533,41059,Ocean,B102946,OEM Office 2010
20120215,Inactive,20120215,Ocean,Server,Intel,Intel P4308CP4MHGC,B103067/001, , , , ,,,9P6542,41079,Ocean,B103067,USED BY NEWCASTLE
20120216,Inactive,20120216,Ocean,Printer,Canon,IP100,ABCS27902,,,,,,,9P6535,41080,Ocean,B103134,Portable Printer
20120225,Inactive,20120225,Ocean,Printer,Kyocera,FS-5350DN,QVR2200936,,,,,,,9P6538,41082,Ocean,B103111,Colour Laser Printer
20120237,Inactive,20120237,Ocean,Server,Intel,Intel White Box Server,B103178/001, , , , ,,,9P6551,41092,Ocean,B103178,
20120238,Inactive,20120238,Ocean,Server,Intel,Intel White Box Server,B103179/001, , , , ,,,9P6550,41092,Ocean,B103179,
20120239,Inactive,20120239,Ocean,PC,Octek,Intel DH67,B103224/001,Win7 Pro,C4TFJ-DRKKY-VHCF4-KTD2X-7MXQH,GQF4X-TG4MX-GJ63D-7K9KW-YJ43C,SBE,,,9P6556(S),41099,Ocean,B103224,OEM Office 2010 - SURFERS
20120240,Inactive,20120240,Ocean,PC,Octek,Intel DH67,B103224/002,Win7 Pro,6KKMX-BQVPW-8JY39-BQCTK-6KHG9,GQVGK-RKPX6-7VGJV-WW34Y-8JC2Q,SBE,,,9P6556(S),41099,Ocean,B103224,OEM Office 2010 - SURFERS
20120241,Inactive,20120241,Ocean,PC,Octek,Intel DH67,B103224/003,Win7 Pro,QY62D-R6XYJ-THKMQ-3V39P-D4K4D,2VJ7H-D43JV-BC2Y3-TQDDR-3QYGR,SBE,,,9P6556(S),41099,Ocean,B103224,OEM Office 2010 - SURFERS
20120252,Inactive,20120252,Ocean,WAP,Option,G53+ GS0361(11847),HG29B9R1B4,,,,,,,9P6560,41101,Ocean,B103255,
20120253,Inactive,20120253,Ocean,WAP,Option,G53+ GS0361(11847),HG29B9R1RS,,,,,,,9P6560,41101,Ocean,B103255,
20120254,Inactive,20120254,Ocean,WAP,Option,G53+ GS0361(11847),HG29B9R4Y0,,,,,,,9P6560,41101,Ocean,B103255,
20120257,Inactive,20120257,Ocean,WAP,Option,G53+ GS0361(11847),HG29BAK3X8,,,,,,,9P6560,41101,Ocean,B103255,
20120258,ISS Darwin,20120258,Ocean,WAP,Option,G53+ GS0361(11847),HG29B9S63J,,,,,,,9P6560,41101,Ocean,B103255,
20120261,Inactive,20120261,Ocean,Switch,CISCO,AIR-AP1131AG-N-K9,FGL1549V0FM,,,,,,,9P6561,41101,Ocean,B103253,Access point
20120268,Inactive,20120268,Ocean,Thin Client,HP,T5550,CNW22505FX,,,,,,,9P6554(D),41107,Ocean,B103296,Darwin
20120269,Inactive,20120269,Ocean,Thin Client,HP,T5550,CNW22505GJ,,,,,,,9P6554(D),41107,Ocean,B103296,Darwin
20120270,Inactive,20120270,Ocean,Server,Intel,Intel White Box Server,B103367/001, , , , ,,,9P6580,41123,Ocean,B103367,
20120272,Inactive,20120272,Ocean,Zbox,Zotac,ID82 HM65,G122320604453 B103299/002,,269Q9-32D2J-PQ29G-GXCWG-2XDJ6,,,,,9P6563,41107,Ocean,B103299,
20120273,Inactive,20120273,Ocean,Zbox,Zotac,ID82 HM65,G122320604451 B103299/003,,MBCX8-87GHC-G7DMJ-BPR34-KFQ2D,,,,,9P6563,41107,Ocean,B103299,
20120285,Inactive,20120285,Ocean,Notebook,Toshiba,PT525A-00801901,4C056608H,Win 7 Pro,TM2JG-FQ4M7-VJT2H-GH34Q-C6K8K,P7G3T-BDR79-R6MB8-BTJCH-MGGPW,SBE,,,9P6555,41115,Ocean,B103279,OEM Office 2010
20120295,Inactive,20120295,Ocean,PC,Octek,Intel DH77EB,B103298/005,Win7 Pro,YHR7Y-72DRR-DTB7W-N7KRM-T3RQT,BXQKP-JY8KF-J6JK9-P23G2-VTYRF,SBE,,,9P6568,41120,Ocean,B103298,OEM Office 2010
20120298,Inactive,20120298,Ocean,Printer,Kyocera,FS-5350DN,QVR2601272,,,,,,,9P6566,41127,Ocean,B103391,Colour Laser Printer
20120300,Inactive,20120300,Ocean,Printer,Kyocera,FS-1135MFP,NR52500828,,,,,,,9P6567(D),41127,Ocean,B103390,Multifunction Centre DARWIN STOCK
20120301,Inactive,20120301,Ocean,Switch,CISCO,AIR-AP1131AG-N-K9,FGL1630V06J,,,,,,,9P6590,41155,Ocean,B103581,Access point
20120302,Inactive,20120302,Ocean,Switch,CISCO,AIR-AP1131AG-N-K9,FGL1630V06H,,,,,,,9P6590,41155,Ocean,B103581,Access point
20120303,Inactive,20120303,Ocean,Switch,CISCO,AIR-AP1131AG-N-K9,FGL1631V044,,,,,,,9P6590,41155,Ocean,B103581,Access point
20120304,Inactive,20120304,Ocean,Switch,CISCO,AIR-AP1131AG-N-K9,FGL1631V03W,,,,,,,9P6590,41155,Ocean,B103581,Access point
20120305,Inactive,20120305,Ocean,Switch,CISCO,AIR-AP1131AG-N-K9,FGL1631V049,,,,,,,9P6590,41155,Ocean,B103581,Access point
20120308,Inactive,20120308,Ocean,Printer,Kyocera,FS-5350DN,QVR2601299,,,,,,,9P6602,41159,Ocean,B103582,Colour Laser Printer
20120309,Inactive,20120309,Ocean,TV,Senzu,5500SEX101,L55KF9A0463,,,,,,,9P6597,41163,Ocean,B103638,Full HD LED TV
20120310,Inactive,20120310,Ocean,Switch,Cisco,SR216T-1158829,PSJ154704ZO,,,,,,,9P6599,41190,Ocean,B103609,10th of 10 switches
20120311,Inactive,20120311,Ocean,Printer,Kyocera,FS-1135MFP,NR52400684,,,,,,,9P6567(D),41127,Ocean,B103390,Multifunction Centre DARWIN STOCK
20120312,Inactive,20120312,Ocean,Backup,Tandberg,LTO4 Autoloader,Loader S/N AA22PA017454 Drive S/N HUI222NJ5H,,,,,,,9P6571,41127,Ocean,B103424,
20120313,Inactive,20120313,Ocean,Server,Intel,Intel White Box Server,B103366/001, , , , ,,,9P6579,41127,Ocean,B103366,
20120314,Inactive,20120314,Ocean,Server,Intel,Intel R224GZ4GC 2U,B103064/001, , , , ,,,9P6543,41131,Ocean,B103064,
20120315,Inactive,20120315,Ocean,PC,Octek,Intel DH67,B103460/001,Win7 Pro,W936J-TVMBX-22B9Y-9WB4X-9TVG7,MW9VW-F729D-WD7YC-2KGYT-MM7QG,SBE,,,9P6576,41137,Ocean,B103460,OEM Office 2010 - SURFERS
20120316,Inactive,20120316,Ocean,PC,Octek,Intel DH67,B103460/002,Win7 Pro,X9DD9-7K7PX-TYW37-MJ4T9-PG7DM,RJ223-RGXGT-X9JG4-M49GD-G27KD,SBE,,,9P6576,41137,Ocean,B103460,OEM Office 2010 - SURFERS
20120317,Inactive,20120317,Ocean,Printer,Kyocera,FS-1135MFP,NR52500842,,,,,,,9P6574,41137,Ocean,B103465,Multifunction Centre
20120318,Inactive,20120318,Ocean,Printer,Kyocera,FS-1135MFP,NR52600941,,,,,,,9P6574,41137,Ocean,B103465,Multifunction Centre
20120319,Inactive,20120319,Ocean,Notebook,Toshiba,PT525A-00801901,8B114337H,Win 7 Pro,YCDVT-HJJCF-Q8Q6M-B3DV9-Q47XV,MKRRQ-4W48D-BVFJ9-XRW67-VYQD7,SBE,,,9P6575,41137,Ocean,B103464,OEM Office 2010 - SURFERS
20120320,Inactive,20120320,Ocean,Notebook,Toshiba,PT525A-00801901,6C082329H,Win 7 Pro,TPMJW-4GRHW-48TKR-V9JCH-3KCJQ,HYT6G-G3DQT-KM9PV-F9WXX-4BQYJ,SBE,,,9P6575,41138,Ocean,B103464,OEM Office 2010 - SURFERS
20120321,Inactive,20120321,Ocean,Server,Intel,Intel R1208GZ4GC,B103039/001, , , , ,,,9P6544,41137,Ocean,B103036,
20120329,Inactive,20120329,Ocean,Server,Intel,Intel MFS5520VIR,B103458/001, , , , ,,,9P6573,41143,Ocean,B103458,Extra Modules - Add on - Newcastle
20120330,Inactive,20120330,Ocean,Server,Intel,Intel MFS5520VIR,B103458/002, , , , ,,,9P6573,41143,Ocean,B103458,Extra Modules - Add on - Newcastle
20120331,Inactive,20120331,Ocean,Server,Intel,Intel MFS5520VIR,B103458/003, , , , ,,,9P6573,41143,Ocean,B103458,Extra Modules - Add on - Newcastle
20120340,Inactive,20120340,Ocean,Svr H'dware,Promise,E310SD - Vtrak 12 Bay SAS,QB0028077024,,,,,,,9P6572,41148,Ocean,B103438,
20120342,Inactive,20120342,Ocean,Server,Intel,Intel White Box Server,B103528/001, , , , ,,,9P6589,41148,Ocean,B103528,
20120345,Inactive,20120345,Ocean,Zbox,Zotac,ID82 HM65,G122420600246 B103585/001,,238Y8-89W93-DP7GH-HQ7FP-Q24YH,,,,,9P6600,41165,Ocean,B103585,WIFI
20120346,Inactive,20120346,Ocean,Zbox,Zotac,ID82 HM65,G122420600250 B103585/002,,V2F6X-9T8TK-4838T-RKTF3-GC2JD,,,,,9P6600,41165,Ocean,B103585,WIFI
20120349,Inactive,20120349,Ocean,Zbox,Zotac,ID82 HM65,G122420600247 B103585/005,,Q9WJD-FY3M8-23T7H-MVBK2-2WTBX,,,,,9P6600,41165,Ocean,B103585,WIFI
20120350,Inactive,20120350,Ocean,Zbox,Zotac,ID82 HM65,G122420601761 B103585/006,,6P628-FPHVV-VYPJG-GRDKM-4KFMH,,,,,9P6600,41165,Ocean,B103585,WIFI
20120351,Inactive,20120351,Ocean,Zbox,Zotac,ID82 HM65,G122420600708 B103585/007,,YWYMQ-Y93QT-TX993-CGF66-XJ42X,,,,,9P6600,41165,Ocean,B103585,WIFI
20120357,Inactive,20120357,Ocean,Notebook,Toshiba,PT525A-00801901,4C056574H,Win 7 Pro,YHB74-9RBCH-K8QF2-WWW7J-MMD3F,HQMHJ-X8MXJ-P9QRP-DM2VB-J6YJV,SBE,,,9P6595,41171,Ocean,B103658,OEM Office 2010
20120359,Inactive,20120359,Ocean,Notebook,Toshiba,PT525A-00801901,6C082326H,Win 7 Pro,FCTKW-RJ477-6DFB6-HJMQK-XDM2D,VWX2H-JDQDC-Y39MC-FDTJP-86YBH,SBE,,,9P6595,41171,Ocean,B103658,OEM Office 2010
20120361,Inactive,20120361,Ocean,Printer,Kyocera,FS-3920DN,XSZ2607596,,,,,,,9P6598,41179,Ocean,B103634,Mono Laser Printer
20120362,Inactive,20120362,Ocean,Printer,Kyocera,FS-3920DN,XSZ2608006,,,,,,,9P6598,41179,Ocean,B103634,Mono Laser Printer
20120363,Inactive,20120363,Ocean,Printer,Kyocera,FS-3920DN,XSZ2607897,,,,,,,9P6598,41179,Ocean,B103634,Mono Laser Printer
20120364,Inactive,20120364,Ocean,Printer,Kyocera,FS-3920DN,XSZ2607606,,,,,,,9P6598,41179,Ocean,B103634,Mono Laser Printer
20120375,Inactive,20120375,Ocean,Printer,Kyocera,FS-3920DN,XSZ2607900,,,,,,,9P6598,41179,Ocean,B103634,Mono Laser Printer
20120376,Inactive,20120376,Ocean,Printer,Kyocera,FS-3920DN,XSZ2607896,,,,,,,9P6598,41179,Ocean,B103634,Mono Laser Printer
20120380,Inactive,20120380,Ocean,Printer,Kyocera,FS-3920DN,XSZ2607902,,,,,,,9P6598(D),41179,Ocean,B103634,Mono Laser Printer DARWIN STOCK
20120383,Inactive,20120383,Ocean,Printer,Kyocera,FS-3920DN,XSZ2607895,,,,,,,9P6598(D),41179,Ocean,B103634,Mono Laser Printer DARWIN STOCK
20120386,Inactive,20120386,Ocean,Printer,Kyocera,FS-3920DN,XSZ2608350,,,,,,,9P6616,41200,Ocean,B103635,Mono Laser Printer
20120387,Inactive,20120387,Ocean,Printer,Kyocera,FS-3920DN,XSZ2608344,,,,,,,9P6616,41200,Ocean,B103635,Mono Laser Printer
20120388,Inactive,20120388,Ocean,Printer,Kyocera,FS-3920DN,XSZ2607707,,,,,,,9P6616,41200,Ocean,B103635,Mono Laser Printer
20120389,Inactive,20120389,Ocean,Printer,Kyocera,FS-3920DN,XSZ2607859,,,,,,,9P6616,41200,Ocean,B103635,Mono Laser Printer
20120390,Inactive,20120390,Ocean,Printer,Kyocera,FS-3920DN,XSZ2607700,,,,,,,9P6616,41200,Ocean,B103635,Mono Laser Printer
20120391,Inactive,20120391,Ocean,Printer,Kyocera,FS-3920DN,XSZ2608295,,,,,,,9P6616,41200,Ocean,B103635,Mono Laser Printer
20120392,Inactive,20120392,Ocean,Printer,Kyocera,FS-3920DN,XSZ2608357,,,,,,,9P6616,41200,Ocean,B103635,Mono Laser Printer
20120393,Inactive,20120393,Ocean,Printer,Kyocera,FS-3920DN,XSZ2608342,,,,,,,9P6616,41200,Ocean,B103635,Mono Laser Printer
20120394,Inactive,20120394,Ocean,Printer,Kyocera,FS-3920DN,XSZ2607705,,,,,,,9P6616,41200,Ocean,B103635,Mono Laser Printer
20120395,Inactive,20120395,Ocean,Printer,Kyocera,FS-3920DN,XSZ2608338,,,,,,,9P6616,41200,Ocean,B103635,Mono Laser Printer
20120396,Inactive,20120396,Ocean,Printer,Kyocera,FS-3920DN,XSZ2607693,,,,,,,9P6616,41200,Ocean,B103635,Mono Laser Printer
20120397,Inactive,20120397,Ocean,Printer,Kyocera,FS-3920DN,XSZ2608188,,,,,,,9P6616,41200,Ocean,B103635,Mono Laser Printer
20120398,Inactive,20120398,Ocean,Printer,Kyocera,FS-3920DN,XSZ2607708,,,,,,,9P6616,41200,Ocean,B103635,Mono Laser Printer
20120399,Inactive,20120399,Ocean,Printer,Kyocera,FS-3920DN,XSZ2607868,,,,,,,9P6616,41200,Ocean,B103635,Mono Laser Printer
20120400,Inactive,20120400,Ocean,Printer,Kyocera,FS-3920DN,XSZ2607699,,,,,,,9P6616,41200,Ocean,B103635,Mono Laser Printer
20120401,Inactive,20120401,Ocean,Printer,Kyocera,FS-3920DN,XSZ2607999,,,,,,,9P6616,41200,Ocean,B103635,Mono Laser Printer
20120402,Inactive,20120402,Ocean,Printer,Kyocera,FS-3920DN,XSZ2608018,,,,,,,9P6616,41200,Ocean,B103635,Mono Laser Printer
20120404,Inactive,20120404,Ocean,Printer,Kyocera,FS-3920DN,XSZ2607898,,,,,,,9P6616,41200,Ocean,B103635,Mono Laser Printer
20120405,Inactive,20120405,Ocean,Printer,Kyocera,FS-3920DN,XSZ2608008,,,,,,,9P6616,41200,Ocean,B103635,Mono Laser Printer
20120407,Inactive,20120407,Ocean,Printer,Kyocera,FS-3920DN,XSZ2608012,,,,,,,9P6616,41200,Ocean,B103635,Mono Laser Printer
20120416,Inactive,20120416,Ocean,PC,Octek,Intel DH77EB,B103652/006,Win7 Pro,2TF3G-HP3WG-7KWRM-C7MMB-JHMGP,Q3W89-MVRR7-B43X2-CH4XQ-4TRV4,SBE,,,9P6596,41169,Ocean,B103652,OEM Office 2010
20120420,Inactive,20120420,Ocean,PC,Octek,Intel DH77EB,B103652/010,Win7 Pro,YJGVK-9FW8X-8H89K-CR2V4-Q9B27,TRCTP-GHR3Q-66HM8-GXY2H-CPV8B,SBE,,,9P6596,41170,Ocean,B103652,OEM Office 2010
20120438,Inactive,20120438,Ocean,PC,Octek,Intel DH77EB,B103765/008,Win7 Pro,V8XGD-MPK3B-9K26T-8QFKK-VGHTM,6MBJW-H4B29-9KYBX-4G64H-2YHH2,SBE,,,9P6615,41190,Ocean,B103765,OEM Office 2010
20120439,Inactive,20120439,Ocean,PC,Octek,Intel DH77EB,B103765/009,Win7 Pro,7QVGH-D7CKB-3QRCR-7PYKK-Y98QC,C762H-V762T-XJ2YH-GMTJR-XMQMY,SBE,,,9P6615,41190,Ocean,B103765,OEM Office 2010
20120440,Inactive,20120440,Ocean,PC,Octek,Intel DH77EB,B103765/010,Win7 Pro,FHYP6-68W3D-DCRKY-HRD3X-PYYVM,FFJK7-GT2QK-M722F-7J28X-WY4M6,SBE,,,9P6615,41191,Ocean,B103765,OEM Office 2010
20120441,Inactive,20120441,Ocean,Switch,Cisco,SR216T-1158829,PSJ154704ZQ,,,,,,,9P6599,41190,Ocean,B103609,
20120442,Inactive,20120442,Ocean,Switch,Cisco,SR216T-1158829,PSJ154704ZC,,,,,,,9P6599,41190,Ocean,B103609,
20120445,Inactive,20120445,Ocean,Switch,Cisco,SR216T-1158829,PSJ1547051N,,,,,,,9P6599,41190,Ocean,B103609,
20120446,Inactive,20120446,Ocean,Switch,Cisco,SR216T-1158829,PSJ1547050Z,,,,,,,9P6599,41190,Ocean,B103609,
20120447,Inactive,20120447,Ocean,Switch,Cisco,SR216T-1158829,PSJ154704ZP,,,,,,,9P6599,41190,Ocean,B103609,
20120448,Inactive,20120448,Ocean,Switch,Cisco,SR216T-1158829,PSJ1547051M,,,,,,,9P6599,41190,Ocean,B103609,
20120449,Inactive,20120449,Ocean,Switch,Cisco,SR216T-1158829,PSJ1547051O,,,,,,,9P6599,41190,Ocean,B103609,
20120451,Inactive,20120451,Ocean,Zbox,Zotac,ID82 HM65,G123520601752 B103766/002,,TQBR4-RWM3K-CYGHH-FMX36-J2R4V,,,,,9P6614,41191,Ocean,B103766,WIFI
20120453,Inactive,20120453,Ocean,Zbox,Zotac,ID82 HM65,G123520601751 B103766/004,,CWPCQ-X7KRR-P42D2-6MMR2-RDYGT,,,,,9P6614,41191,Ocean,B103766,WIFI
20120454,Inactive,20120454,Ocean,Zbox,Zotac,ID82 HM65,G123520601755 B103766/005,,BH27Y-BYHW8-WD6K6-CCHFY-QMWFH,,,,,9P6614,41192,Ocean,B103766,WIFI
20120455,Inactive,20120455,Ocean,Zbox,Zotac,ID82 HM65,G123520601768 B103766/006,,6CHVR-4RBBH-HGDK2-KG8W6-H4MXK,,,,,9P6614,41192,Ocean,B103766,WIFI
20120456,Inactive,20120456,Ocean,Zbox,Zotac,ID82 HM65,G123520601769 B103766/007,,4F44D-MW44J-BVTT7-8D2YK-JTWM9,,,,,9P6614,41192,Ocean,B103766,WIFI
20120457,Inactive,20120457,Ocean,Zbox,Zotac,ID82 HM65,G123520601770 B103766/008,,PX293-VCHGQ-22B2W-C9V6D-X6WPK,,,,,9P6614,41192,Ocean,B103766,WIFI
20120466,Inactive,20120466,Ocean,Switch,CISCO,AIR-AP1262N-N-K9,FGL1638S1CH,,,,,,,9P6611,1710/2012,Ocean,B103820,Access point without antenna
20120468,Inactive,20120468,Ocean,UPS,APC,APC BRI500 UPS PRO 1500,3B1230X35768,,,,,,,9P6612,41199,Ocean,B103809,
20120469,Inactive,20120469,Ocean,UPS,APC,APC BRI500 UPS PRO 1500,3B1230X30057,,,,,,,9P6612,41199,Ocean,B103809,
20120470,Inactive,20120470,Ocean,UPS,APC,APC BRI500 UPS PRO 1500,3B1230X30064,,,,,,,9P6612(D),41199,Ocean,B103809,DARWIN
20120471,Inactive,20120471,Ocean,UPS,APC,APC BRI500 UPS PRO 1500,3B1230X33233,,,,,,,9P6612,41199,Ocean,B103809,
20120472,Inactive,20120472,Ocean,UPS,APC,APC BRI500 UPS PRO 1500,3B1230X35762,,,,,,,9P6612(D),41199,Ocean,B103809,DARWIN
20120473,Inactive,20120473,Ocean,PC,Octek,Intel DH67,B103862/001,Win7 Pro,P6YXY-VHMR9-9RT9D-RFJDR-YYQX9,PTQ6P-7Q8QT-KXD8Y-XG8BT-WW48J,SBE,,,9P6609(S),41206,Ocean,B103862,OEM Office 2010 - SURFERS
20120474,Inactive,20120474,Ocean,PC,Octek,Intel DH67,B103862/002,Win7 Pro,VW77V-HY63P-22WJ6-JH7PW-MX3Q7,MMWRM-VPG7T-M8CX4-D9WGT-FQYKM,SBE,,,9P6609(S),41206,Ocean,B103862,OEM Office 2010 - SURFERS
20120475,Inactive,20120475,Ocean,PC,Octek,Intel DH77EB,B103871/001,Win7 Pro,6QRGV-Q8PMX-8T64G-6QHHV-2M3GP,W2K26-8TWT7-CBHPR-M6JR6-JVF3F,SBE,,,9P6607(D),41207,Ocean,B103871,OEM Office 2010 - DARWIN
20120476,Inactive,20120476,Ocean,PC,Octek,Intel DH77EB,B103871/002,Win7 Pro,74C8B-VR8FT-4D647-4WF6X-3TJRF,38HX2-D7B3G-6VMJT-4JYCR-6W9KT,SBE,,,9P6607(D),41207,Ocean,B103871,OEM Office 2010 - DARWIN
20120477,Inactive,20120477,Ocean,PC,Octek,Intel DH77EB,B103871/003,Win7 Pro,J4JKJ-MHVHG-GKV97-QFJBG-J2RPF,MMBHQ-TQ8Q9-924BB-FTGVR-QGFX9,SBE,,,9P6607(D),41207,Ocean,B103871,OEM Office 2010 - DARWIN
20120479,Inactive,20120479,Ocean,PC,Octek,Intel DH77EB,B103871/005,Win7 Pro,MT3V6-7DH7B-Y7QWY-D8PDB-FG88V,CR4TR-X3M2W-4VKFP-F7QRV-WWJY4,SBE,,,9P6607(D),41207,Ocean,B103871,OEM Office 2010 - DARWIN
20120480,Inactive,20120480,Ocean,PC,Samsung,XE7OOTIA-A03AU,HP2191KC700014N,,,PY24G-DKJ4G-JGKXR-WTR7J-B3R6X,,,,9P6608,41207,Ocean,B103865,OEM Office 2010 - TABLET
20120481,Inactive,20120481,Ocean,PC,Samsung,XE7OOTIA-A03AU,HP2191KC700139N,,,Q82W8-GFPGT-PCQ6B-RDP2W-47836,,,,9P6608,41207,Ocean,B103865,OEM Office 2010 - TABLET
20120482,Inactive,20120482,Ocean,Thin Client,HP,T550,CNW24203T3,,,,,,,9P6605(D),41208,Ocean,B103875,DARWIN
20120484,Inactive,20120484,Ocean,Thin Client,HP,T550,CNW24203T0,,,,,,,9P6605(D),41208,Ocean,B103875,DARWIN
20120485,Inactive,20120485,Ocean,Notebook,Toshiba,PT525A-00801901,7B153357H,Win 7 Pro,6GTP-XVWRJ-D6GQC-C28KD-3CYRY,QXVWK-T32F2-K9C44-G3C3M-BXPMK,SBE,,,9P6606(D),41211,Ocean,B103872,OEM Office 2010 - DARWIN
20120486,Inactive,20120486,Ocean,Notebook,Toshiba,PT525A-00801901,4C058073H,Win 7 Pro,TR6W6-KGBD3-4V7B4-Y8MXW-9YV4P,7PGB3-3893K-YMH69-7VXWK-TDPHT,SBE,,,9P6606(D),41211,Ocean,B103872,OEM Office 2010 - DARWIN
20120488,Inactive,20120488,Ocean,Notebook,Toshiba,PT525A-00801901,4C058093H,Win 7 Pro,KBCFY-F933B-9YWFV-4V4QF-7YJKK,W4X2M-XR6F7-PWH27-YWXF7-MX2F8,SBE,,,9P6606(D),41211,Ocean,B103872,OEM Office 2010 - DARWIN
20120489,Inactive,20120489,Ocean,Notebook,Toshiba,PT525A-00801901,4C058097H,Win 7 Pro,MBVGB-BVPH7-BCQ79-YXCJQ-82MP9,WXPJV-3R6YK-VQJBB-MQPQT-BCCXM,SBE,,,9P6606(D),41212,Ocean,B103872,OEM Office 2010 - DARWIN
20120493,Inactive,20120493,Ocean,Projector,BENQ ,MX-660P,PDB9C01494000,,,,,,,9P6619,40815,Ocean,B103972,Lumen XGA projector
20120494,Inactive,20120494,Ocean,UPS,APC,APC SMART-UPS RT 1000VA,QS1218230242,,,,,,,9P6622(D),41239,Ocean,B104012,DARWIN
20120495,Inactive,20120495,Ocean,UPS,APC,APC SMART-UPS RT 1000VA,QS1218230241,,,,,,,9P6622(D),41239,Ocean,B104012,DARWIN
20120497,Inactive,20120497,Ocean,UPS,APC,APC BRI500 UPS PRO 1500,3B1233x21323,,,,,,,9P6623,41240,Ocean,B104013,
20120498,Inactive,20120498,Ocean,UPS,APC,APC BRI500 UPS PRO 1500,3B1233x21319,,,,,,,9P6623,41240,Ocean,B104013,
20120500,Inactive,20120500,Ocean,Server,Intel,DQ67EP ITX,B104111/002,Win 2008 Server,YJB7K-6XDXB-49Y2W-CGKJK-R3WT2, , ,,,ITX SERVER,41260,Ocean,B104111,
20120601,Inactive,20120601,Ocean,Notebook,Toshiba,PT530A-008001,9C073740H,Win 7 Pro,2Y3PD-3QG23-KWYWH-XMTV3-B6RTG ,H2WY9-HXV3C-VMBBW-KVK33-GJPWC ,SBE,,,9P6620,41239,Ocean,B103999,OEM Office 2010
20120604,Inactive,20120604,Ocean,Notebook,Toshiba,PT530A-00J001,9C099821H,Win 7 Pro,D8JW7-77TVD-4VBKK-T2PW4-QGDTM,VXMBP-FB8DY-963KT-WJT3X-2YFKV,SBE,,,9P6620,41242,Ocean,B103999,OEM Office 2010
20120605,Inactive,20120605,Ocean,Notebook,Toshiba,PT530A-00J001,9C099820H,Win 7 Pro,7YXCJ-K2H8G-F8RMY-HCWRG-HTBGB,P7WW7-TGBFK-QHYTH-T4KQF-KW4PW,SBE,,,9P6620,41242,Ocean,B103999,OEM Office 2010
20120606,Inactive,20120606,Ocean,Notebook,Toshiba,PT530A-00J001,9C099850H,Win 7 Pro,GG7W6-X4B4H-97HKV-3HPJC-JXHDY,P46WK-43W2T-JMT37-823GC-QKHFD,SBE,,,9P6620,41243,Ocean,B103999,OEM Office 2010
20120607,Inactive,20120607,Ocean,Notebook,Toshiba,PT530A-00J001,9C099825H,Win 7 Pro,PPQCC-X2K7P-F4KYK-PYWQ7-WD7D7,W2GBQ-C23VQ-BCFFT-CWBD9-9R8BY,SBE,,,9P6620,41246,Ocean,B103999,OEM Office 2010
20120608,Inactive,20120608,Ocean,Notebook,Toshiba,PT530A-00J001,9C099827H,Win 7 Pro,GMYQ9-Y9684-GJP27-492FG-W2VR7,PV7F8-GPHXB-M68XM-WFW9R-7QBQX,SBE,,,9P6620,41246,Ocean,B103999,OEM Office 2010
20120609,Inactive,20120609,Ocean,Server,Intel,DQ67EP ITX,B104112/001,Win 2008 Server,J7FT7-GHC2Q-7QJFC-R8DGY-Q7VM7, , ,,,ITX SERVER NT,41261,Ocean,B104112,DARWIN
20120612,Inactive,20120612,Ocean,PC,Octek,Intel DH77EB,B104000/002,Win7 Pro,P68W9-Q4V8P-6MH7R-J6THB-T3P6X,GV43Q-6BHM2-BQYJ3-2WHGP-GMT4W,SBE,,,9P6621,41241,Ocean,B104000,OEM Office 2010
20120613,Inactive,20120613,Ocean,PC,Octek,Intel DH77EB,B104000/003,Win7 Pro,HQKHH-KCBJB-KTCMH-R9QJJ-GHMT2,PRMG3-6TXVX-G7W2V-Q27GR-YQWFB,SBE,,,9P6621,41241,Ocean,B104000,OEM Office 2010
20120614,Inactive,20120614,Ocean,PC,Octek,Intel DH77EB,B104000/004,Win7 Pro,WW7YQ-K399H-V8BXB-JJPBK-W7HGB,YRBJH-VTG22-B73G2-8T7KJ-CVCBW,SBE,,,9P6621,41241,Ocean,B104000,OEM Office 2010
20120615,Inactive,20120615,Ocean,PC,Octek,Intel DH77EB,B104000/005,Win7 Pro,H7R82-RKW2W-X8GX7-9D9KH-BHTX4,MGFGG-XQ6KK-2D6DG-V38XR-HRHQY,SBE,,,9P6621,41242,Ocean,B104000,OEM Office 2010
20120616,Inactive,20120616,Ocean,PC,Octek,Intel DH77EB,B104000/006,Win7 Pro,RFYDH-GW3P7-JGH3M-6VKB9-4V98G,2M22H-GKC2D-F9XQR-FC2D9-79RGF,SBE,,,9P6621,41242,Ocean,B104000,OEM Office 2010
20120617,Inactive,20120617,Ocean,PC,Octek,Intel DH77EB,B104000/007,Win7 Pro,2JY64-3M4T8-W8M63-2K6HT-FR4F4,CPX3W-JDFH4-88BK4-MG8P6-FWDX7,SBE,,,9P6621,41242,Ocean,B104000,OEM Office 2010
20120618,Inactive,20120618,Ocean,PC,Octek,Intel DH77EB,B104000/008,Win7 Pro,7WDD6-KRB8X-G7G7K-KTDGC-CTK78,7J7PV-QTPBY-9CVVQ-RQ27G-QDBJJ,SBE,,,9P6621,41242,Ocean,B104000,OEM Office 2010
20120619,Inactive,20120619,Ocean,PC,Octek,Intel DH77EB,B104000/009,Win7 Pro,BDJY6-W48HY-494FJ-QR7WF-J9GXY,GK6MT-DY49G-V2TRC-7DYQ3-4QR86,SBE,,,9P6621,41242,Ocean,B104000,OEM Office 2010
20120620,Inactive,20120620,Ocean,PC,Octek,Intel DH77EB,B104000/010,Win7 Pro,7QMYQ-49YWF-4PTFV-FQB7P-9T366,7YC4V-6B4BX-XQRDB-QJGVF-82PQD ,SBE,,,9P6621,41242,Ocean,B104000,OEM Office 2010
20120622,Inactive,20120622,Ocean,Printer,Kyocera,FS-1135MFP,NR52901155,,,,,,,9P6625,41246,Ocean,B104049,Multifunction Centre
20120623,Inactive,20120623,Ocean,Printer,Kyocera,FS-1135MFP,NR52X01329,,,,,,,9P6625,41246,Ocean,B104049,Multifunction Centre
20120624,Inactive,20120624,Ocean,Printer,Kyocera,FS-1135MFP,NR52X01330,,,,,,,9P6625,41246,Ocean,B104049,Multifunction Centre
20120626,Inactive,20120626,Ocean,Thin Client,HP,T5550,CNW24209M9,,,,,,,9P66624,41243,Ocean,B104050,
20120627,Inactive,20120627,Ocean,Thin Client,HP,T5550,CNW24209M8,,,,,,,9P66624,41243,Ocean,B104050,
20120628,Inactive,20120628,Ocean,Thin Client,HP,T5550,CNW24209N2,,,,,,,9P66624,41243,Ocean,B104050,
20120629,Inactive,20120629,Ocean,Thin Client,HP,T5550,CNW24209MN,,,,,,,9P66624,41243,Ocean,B104050,
20120630,Inactive,20120630,Ocean,Thin Client,HP,T5551,CNW24209MV,,,,,,,9P66624,41243,Ocean,B104050,
20120631,Inactive,20120631,Ocean,UPS,APC,APC BRI500 UPS PRO 1500,3B1233X23030,,,,,,,DEC UPS,41253,Ocean,B104106,
20120632,Inactive,20120632,Ocean,UPS,APC,APC BRI500 UPS PRO 1500,3B1233X23019,,,,,,,DEC UPS,41253,Ocean,B104106,
20120633,Inactive,20120633,Ocean,UPS,APC,APC BRI500 UPS PRO 1500,3B1233X23025,,,,,,,DEC UPS,41253,Ocean,B104106,
20120634,Inactive,20120634,Ocean,UPS,APC,APC BRI500 UPS PRO 1500,3B1233X23024,,,,,,,DEC UPS,41253,Ocean,B104106,
20120635,Inactive,20120635,Ocean,UPS,APC,APC BRI500 UPS PRO 1500,3B1233X23012,,,,,,,DEC UPS,41253,Ocean,B104106,
